#-----------------------------------------------------------
# Vivado v2025.1 (64-bit)
# SW Build 6140274 on Wed May 21 22:58:25 MDT 2025
# IP Build 6138677 on Thu May 22 03:10:11 MDT 2025
# SharedData Build 6139179 on Tue May 20 17:58:58 MDT 2025
# Start of session at: Sun Dec  7 20:22:01 2025
# Process ID         : 338620
# Current directory  : /home/fpga/worker_place/temp/temp/d9120e6c13ac49d4be62ac73d2a15bac
# Command line       : vivado -mode batch -source build.tcl
# Log file           : /home/fpga/worker_place/temp/temp/d9120e6c13ac49d4be62ac73d2a15bac/vivado.log
# Journal file       : /home/fpga/worker_place/temp/temp/d9120e6c13ac49d4be62ac73d2a15bac/vivado.jou
# Running On         : eecs-digital-03
# Platform           : Ubuntu
# Operating System   : Ubuntu 24.04.3 LTS
# Processor Detail   : 13th Gen Intel(R) Core(TM) i7-13700
# CPU Frequency      : 800.000 MHz
# CPU Physical cores : 16
# CPU Logical cores  : 24
# Host memory        : 33325 MB
# Swap memory        : 8589 MB
# Total Virtual      : 41915 MB
# Available Virtual  : 40578 MB
#-----------------------------------------------------------
source build.tcl
# set_param general.maxThreads 4
# set partNum xc7s50csga324-1
# set outputDir obj
# file mkdir $outputDir
# set files [glob -nocomplain "$outputDir/*"]
# if {[llength $files] != 0} {
#     # clear folder contents
#     puts "deleting contents of $outputDir"
#     file delete -force {*}[glob -directory $outputDir *];
# } else {
#     puts "$outputDir is empty"
# }
obj is empty
# set sources_sv [ glob ./hdl/*.sv ]
# read_verilog -sv $sources_sv
# set sources_v [ glob -nocomplain ./hdl/*.v ]
# if {[llength $sources_v] > 0 } {
#     read_verilog $sources_v
# }
# read_xdc [ glob ./xdc/*.xdc ]
# set sources_mem [ glob -nocomplain ./data/*.mem ]
# if {[llength $sources_mem] > 0} {
#     read_mem $sources_mem
# }
# set_part $partNum
INFO: [Coretcl 2-1500] The part has been set to 'xc7s50csga324-1' for the current project only. Run set_part -help for more details. To evaluate different speed grades in the current design, use the set_speed_grade command, or use the open_checkpoint -part command to change the part used by an existing checkpoint design.
# set sources_ip [ glob -nocomplain -directory ./ip -tails * ]
# puts $sources_ip

# foreach ip_source $sources_ip {
#     if {[file isdirectory ./ip/$ip_source]} {
# 	read_ip ./ip/$ip_source/$ip_source.xci
#     }
# }
WARNING: [Coretcl 2-176] No IPs found
# generate_target all [get_ips]
WARNING: [Coretcl 2-176] No IPs found
# synth_ip [get_ips]
INFO: [Vivado 12-3441] generate_netlist_ip - operation complete
# synth_design -top top_level -part $partNum -verbose
Command: synth_design -top top_level -part xc7s50csga324-1 -verbose
Starting synth_design
Attempting to get a license for feature 'Synthesis' and/or device 'xc7s50'
INFO: [Common 17-349] Got license for feature 'Synthesis' and/or device 'xc7s50'
INFO: [Device 21-403] Loading part xc7s50csga324-1
INFO: [Synth 8-7079] Multithreading enabled for synth_design using a maximum of 4 processes.
INFO: [Synth 8-7078] Launching helper process for spawning children vivado processes
INFO: [Synth 8-7075] Helper process launched with PID 338651
---------------------------------------------------------------------------------
Starting RTL Elaboration : Time (s): cpu = 00:00:02 ; elapsed = 00:00:02 . Memory (MB): peak = 2113.172 ; gain = 438.742 ; free physical = 26706 ; free virtual = 37305
---------------------------------------------------------------------------------
WARNING: [Synth 8-6901] identifier 'ds_h_count' is used before its declaration [/home/fpga/worker_place/temp/temp/d9120e6c13ac49d4be62ac73d2a15bac/hdl/top_level.sv:214]
WARNING: [Synth 8-6901] identifier 'ds_v_count' is used before its declaration [/home/fpga/worker_place/temp/temp/d9120e6c13ac49d4be62ac73d2a15bac/hdl/top_level.sv:215]
WARNING: [Synth 8-6901] identifier 'ds_pixel' is used before its declaration [/home/fpga/worker_place/temp/temp/d9120e6c13ac49d4be62ac73d2a15bac/hdl/top_level.sv:216]
WARNING: [Synth 8-6901] identifier 'ds_valid' is used before its declaration [/home/fpga/worker_place/temp/temp/d9120e6c13ac49d4be62ac73d2a15bac/hdl/top_level.sv:217]
WARNING: [Synth 8-6901] identifier 'game_state' is used before its declaration [/home/fpga/worker_place/temp/temp/d9120e6c13ac49d4be62ac73d2a15bac/hdl/top_level.sv:1209]
WARNING: [Synth 8-6901] identifier 'game_state' is used before its declaration [/home/fpga/worker_place/temp/temp/d9120e6c13ac49d4be62ac73d2a15bac/hdl/top_level.sv:1210]
WARNING: [Synth 8-6901] identifier 'TOTAL_PIXELS' is used before its declaration [/home/fpga/worker_place/temp/temp/d9120e6c13ac49d4be62ac73d2a15bac/hdl/video_sig_gen.sv:16]
WARNING: [Synth 8-6901] identifier 'TOTAL_LINES' is used before its declaration [/home/fpga/worker_place/temp/temp/d9120e6c13ac49d4be62ac73d2a15bac/hdl/video_sig_gen.sv:17]
CRITICAL WARNING: [Synth 8-9873] overwriting previous definition of module 'bto7s' [/home/fpga/worker_place/temp/temp/d9120e6c13ac49d4be62ac73d2a15bac/hdl/lab05_ssc.sv:131]
INFO: [Synth 8-9937] previous definition of design element 'bto7s' is here [/home/fpga/worker_place/temp/temp/d9120e6c13ac49d4be62ac73d2a15bac/hdl/score_ssc.sv:213]
INFO: [Synth 8-6157] synthesizing module 'top_level' [/home/fpga/worker_place/temp/temp/d9120e6c13ac49d4be62ac73d2a15bac/hdl/top_level.sv:4]
INFO: [Synth 8-6157] synthesizing module 'cw_hdmi_clk_wiz' [/home/fpga/worker_place/temp/temp/d9120e6c13ac49d4be62ac73d2a15bac/hdl/cw_hdmi_clk_wiz.v:69]
INFO: [Synth 8-6157] synthesizing module 'IBUF' [/tools/Xilinx/2025.1/Vivado/scripts/rt/data/unisim_comp.v:76868]
INFO: [Synth 8-6155] done synthesizing module 'IBUF' (0#1) [/tools/Xilinx/2025.1/Vivado/scripts/rt/data/unisim_comp.v:76868]
INFO: [Synth 8-6157] synthesizing module 'MMCME2_ADV' [/tools/Xilinx/2025.1/Vivado/scripts/rt/data/unisim_comp.v:89421]
	Parameter BANDWIDTH bound to: OPTIMIZED - type: string 
	Parameter CLKFBOUT_MULT_F bound to: 37.125000 - type: double 
	Parameter CLKFBOUT_PHASE bound to: 0.000000 - type: double 
	Parameter CLKFBOUT_USE_FINE_PS bound to: FALSE - type: string 
	Parameter CLKIN1_PERIOD bound to: 10.000000 - type: double 
	Parameter CLKOUT0_DIVIDE_F bound to: 10.000000 - type: double 
	Parameter CLKOUT0_DUTY_CYCLE bound to: 0.500000 - type: double 
	Parameter CLKOUT0_PHASE bound to: 0.000000 - type: double 
	Parameter CLKOUT0_USE_FINE_PS bound to: FALSE - type: string 
	Parameter CLKOUT1_DIVIDE bound to: 2 - type: integer 
	Parameter CLKOUT1_DUTY_CYCLE bound to: 0.500000 - type: double 
	Parameter CLKOUT1_PHASE bound to: 0.000000 - type: double 
	Parameter CLKOUT1_USE_FINE_PS bound to: FALSE - type: string 
	Parameter CLKOUT4_CASCADE bound to: FALSE - type: string 
	Parameter COMPENSATION bound to: ZHOLD - type: string 
	Parameter DIVCLK_DIVIDE bound to: 5 - type: integer 
	Parameter STARTUP_WAIT bound to: FALSE - type: string 
INFO: [Synth 8-6155] done synthesizing module 'MMCME2_ADV' (0#1) [/tools/Xilinx/2025.1/Vivado/scripts/rt/data/unisim_comp.v:89421]
INFO: [Synth 8-6157] synthesizing module 'BUFG' [/tools/Xilinx/2025.1/Vivado/scripts/rt/data/unisim_comp.v:2678]
INFO: [Synth 8-6155] done synthesizing module 'BUFG' (0#1) [/tools/Xilinx/2025.1/Vivado/scripts/rt/data/unisim_comp.v:2678]
INFO: [Synth 8-6155] done synthesizing module 'cw_hdmi_clk_wiz' (0#1) [/home/fpga/worker_place/temp/temp/d9120e6c13ac49d4be62ac73d2a15bac/hdl/cw_hdmi_clk_wiz.v:69]
WARNING: [Synth 8-7071] port 'locked' of module 'cw_hdmi_clk_wiz' is unconnected for instance 'wizard_hdmi' [/home/fpga/worker_place/temp/temp/d9120e6c13ac49d4be62ac73d2a15bac/hdl/top_level.sv:48]
WARNING: [Synth 8-7023] instance 'wizard_hdmi' of module 'cw_hdmi_clk_wiz' has 5 connections declared, but only 4 given [/home/fpga/worker_place/temp/temp/d9120e6c13ac49d4be62ac73d2a15bac/hdl/top_level.sv:48]
INFO: [Synth 8-6157] synthesizing module 'cw_fast_clk_wiz' [/home/fpga/worker_place/temp/temp/d9120e6c13ac49d4be62ac73d2a15bac/hdl/cw_fast_clk_wiz.v:71]
INFO: [Synth 8-6157] synthesizing module 'PLLE2_ADV' [/tools/Xilinx/2025.1/Vivado/scripts/rt/data/unisim_comp.v:124587]
	Parameter BANDWIDTH bound to: OPTIMIZED - type: string 
	Parameter CLKFBOUT_MULT bound to: 10 - type: integer 
	Parameter CLKFBOUT_PHASE bound to: 0.000000 - type: double 
	Parameter CLKIN1_PERIOD bound to: 10.000000 - type: double 
	Parameter CLKOUT0_DIVIDE bound to: 10 - type: integer 
	Parameter CLKOUT0_DUTY_CYCLE bound to: 0.500000 - type: double 
	Parameter CLKOUT0_PHASE bound to: 0.000000 - type: double 
	Parameter CLKOUT1_DIVIDE bound to: 5 - type: integer 
	Parameter CLKOUT1_DUTY_CYCLE bound to: 0.500000 - type: double 
	Parameter CLKOUT1_PHASE bound to: 0.000000 - type: double 
	Parameter CLKOUT2_DIVIDE bound to: 5 - type: integer 
	Parameter CLKOUT2_DUTY_CYCLE bound to: 0.500000 - type: double 
	Parameter CLKOUT2_PHASE bound to: 0.000000 - type: double 
	Parameter CLKOUT3_DIVIDE bound to: 40 - type: integer 
	Parameter CLKOUT3_DUTY_CYCLE bound to: 0.500000 - type: double 
	Parameter CLKOUT3_PHASE bound to: 0.000000 - type: double 
	Parameter COMPENSATION bound to: ZHOLD - type: string 
	Parameter DIVCLK_DIVIDE bound to: 1 - type: integer 
	Parameter STARTUP_WAIT bound to: FALSE - type: string 
INFO: [Synth 8-6155] done synthesizing module 'PLLE2_ADV' (0#1) [/tools/Xilinx/2025.1/Vivado/scripts/rt/data/unisim_comp.v:124587]
INFO: [Synth 8-6155] done synthesizing module 'cw_fast_clk_wiz' (0#1) [/home/fpga/worker_place/temp/temp/d9120e6c13ac49d4be62ac73d2a15bac/hdl/cw_fast_clk_wiz.v:71]
WARNING: [Synth 8-7071] port 'clk_mig' of module 'cw_fast_clk_wiz' is unconnected for instance 'wizard_migcam' [/home/fpga/worker_place/temp/temp/d9120e6c13ac49d4be62ac73d2a15bac/hdl/top_level.sv:55]
WARNING: [Synth 8-7023] instance 'wizard_migcam' of module 'cw_fast_clk_wiz' has 7 connections declared, but only 6 given [/home/fpga/worker_place/temp/temp/d9120e6c13ac49d4be62ac73d2a15bac/hdl/top_level.sv:55]
INFO: [Synth 8-6157] synthesizing module 'pixel_reconstruct' [/home/fpga/worker_place/temp/temp/d9120e6c13ac49d4be62ac73d2a15bac/hdl/pixel_reconstruct.sv:4]
INFO: [Synth 8-6155] done synthesizing module 'pixel_reconstruct' (0#1) [/home/fpga/worker_place/temp/temp/d9120e6c13ac49d4be62ac73d2a15bac/hdl/pixel_reconstruct.sv:4]
INFO: [Synth 8-6157] synthesizing module 'xpm_fifo_async' [/tools/Xilinx/2025.1/Vivado/data/ip/xpm/xpm_fifo/hdl/xpm_fifo.sv:2173]
	Parameter FIFO_MEMORY_TYPE bound to: auto - type: string 
	Parameter ECC_MODE bound to: no_ecc - type: string 
	Parameter RELATED_CLOCKS bound to: 0 - type: integer 
	Parameter SIM_ASSERT_CHK bound to: 0 - type: integer 
	Parameter EN_SIM_ASSERT_ERR bound to: warning - type: string 
	Parameter CASCADE_HEIGHT bound to: 0 - type: integer 
	Parameter FIFO_WRITE_DEPTH bound to: 64 - type: integer 
	Parameter WRITE_DATA_WIDTH bound to: 37 - type: integer 
	Parameter WR_DATA_COUNT_WIDTH bound to: 1 - type: integer 
	Parameter PROG_FULL_THRESH bound to: 10 - type: integer 
	Parameter FULL_RESET_VALUE bound to: 0 - type: integer 
	Parameter USE_ADV_FEATURES bound to: 0707 - type: string 
	Parameter READ_MODE bound to: std - type: string 
	Parameter FIFO_READ_LATENCY bound to: 1 - type: integer 
	Parameter READ_DATA_WIDTH bound to: 37 - type: integer 
	Parameter RD_DATA_COUNT_WIDTH bound to: 1 - type: integer 
	Parameter PROG_EMPTY_THRESH bound to: 10 - type: integer 
	Parameter DOUT_RESET_VALUE bound to: 0 - type: string 
	Parameter CDC_SYNC_STAGES bound to: 2 - type: integer 
	Parameter WAKEUP_TIME bound to: 0 - type: integer 
INFO: [Synth 8-6157] synthesizing module 'xpm_fifo_base' [/tools/Xilinx/2025.1/Vivado/data/ip/xpm/xpm_fifo/hdl/xpm_fifo.sv:53]
INFO: [Synth 8-6157] synthesizing module 'xpm_memory_base' [/tools/Xilinx/2025.1/Vivado/data/ip/xpm/xpm_memory/hdl/xpm_memory.sv:54]
INFO: [Synth 8-6059] Synth Info: [XPM_MEMORY 20-1] MEMORY_PRIMITIVE (0) instructs Vivado Synthesis to choose the memory primitive type. Depending on their values, other XPM_MEMORY parameters may preclude the choice of certain memory primitive types. Review XPM_MEMORY documentation and parameter values to understand any limitations, or set MEMORY_PRIMITIVE to a different value.   [/tools/Xilinx/2025.1/Vivado/data/ip/xpm/xpm_memory/hdl/xpm_memory.sv:522]
INFO: [Synth 8-6155] done synthesizing module 'xpm_memory_base' (0#1) [/tools/Xilinx/2025.1/Vivado/data/ip/xpm/xpm_memory/hdl/xpm_memory.sv:54]
INFO: [Synth 8-6157] synthesizing module 'xpm_cdc_gray' [/tools/Xilinx/2025.1/Vivado/data/ip/xpm/xpm_cdc/hdl/xpm_cdc.sv:283]
INFO: [Synth 8-6155] done synthesizing module 'xpm_cdc_gray' (0#1) [/tools/Xilinx/2025.1/Vivado/data/ip/xpm/xpm_cdc/hdl/xpm_cdc.sv:283]
INFO: [Synth 8-6157] synthesizing module 'xpm_fifo_reg_vec' [/tools/Xilinx/2025.1/Vivado/data/ip/xpm/xpm_fifo/hdl/xpm_fifo.sv:1905]
INFO: [Synth 8-6155] done synthesizing module 'xpm_fifo_reg_vec' (0#1) [/tools/Xilinx/2025.1/Vivado/data/ip/xpm/xpm_fifo/hdl/xpm_fifo.sv:1905]
INFO: [Synth 8-6157] synthesizing module 'xpm_cdc_gray__parameterized0' [/tools/Xilinx/2025.1/Vivado/data/ip/xpm/xpm_cdc/hdl/xpm_cdc.sv:283]
INFO: [Synth 8-6155] done synthesizing module 'xpm_cdc_gray__parameterized0' (0#1) [/tools/Xilinx/2025.1/Vivado/data/ip/xpm/xpm_cdc/hdl/xpm_cdc.sv:283]
INFO: [Synth 8-6157] synthesizing module 'xpm_fifo_reg_vec__parameterized0' [/tools/Xilinx/2025.1/Vivado/data/ip/xpm/xpm_fifo/hdl/xpm_fifo.sv:1905]
INFO: [Synth 8-6155] done synthesizing module 'xpm_fifo_reg_vec__parameterized0' (0#1) [/tools/Xilinx/2025.1/Vivado/data/ip/xpm/xpm_fifo/hdl/xpm_fifo.sv:1905]
INFO: [Synth 8-6157] synthesizing module 'xpm_fifo_rst' [/tools/Xilinx/2025.1/Vivado/data/ip/xpm/xpm_fifo/hdl/xpm_fifo.sv:1639]
INFO: [Synth 8-6157] synthesizing module 'xpm_cdc_sync_rst' [/tools/Xilinx/2025.1/Vivado/data/ip/xpm/xpm_cdc/hdl/xpm_cdc.sv:1059]
INFO: [Synth 8-6155] done synthesizing module 'xpm_cdc_sync_rst' (0#1) [/tools/Xilinx/2025.1/Vivado/data/ip/xpm/xpm_cdc/hdl/xpm_cdc.sv:1059]
INFO: [Synth 8-6155] done synthesizing module 'xpm_fifo_rst' (0#1) [/tools/Xilinx/2025.1/Vivado/data/ip/xpm/xpm_fifo/hdl/xpm_fifo.sv:1639]
INFO: [Synth 8-6157] synthesizing module 'xpm_fifo_reg_bit' [/tools/Xilinx/2025.1/Vivado/data/ip/xpm/xpm_fifo/hdl/xpm_fifo.sv:1927]
INFO: [Synth 8-6155] done synthesizing module 'xpm_fifo_reg_bit' (0#1) [/tools/Xilinx/2025.1/Vivado/data/ip/xpm/xpm_fifo/hdl/xpm_fifo.sv:1927]
INFO: [Synth 8-6157] synthesizing module 'xpm_counter_updn' [/tools/Xilinx/2025.1/Vivado/data/ip/xpm/xpm_fifo/hdl/xpm_fifo.sv:1879]
INFO: [Synth 8-6155] done synthesizing module 'xpm_counter_updn' (0#1) [/tools/Xilinx/2025.1/Vivado/data/ip/xpm/xpm_fifo/hdl/xpm_fifo.sv:1879]
INFO: [Synth 8-6157] synthesizing module 'xpm_counter_updn__parameterized0' [/tools/Xilinx/2025.1/Vivado/data/ip/xpm/xpm_fifo/hdl/xpm_fifo.sv:1879]
INFO: [Synth 8-6155] done synthesizing module 'xpm_counter_updn__parameterized0' (0#1) [/tools/Xilinx/2025.1/Vivado/data/ip/xpm/xpm_fifo/hdl/xpm_fifo.sv:1879]
INFO: [Synth 8-6157] synthesizing module 'xpm_counter_updn__parameterized1' [/tools/Xilinx/2025.1/Vivado/data/ip/xpm/xpm_fifo/hdl/xpm_fifo.sv:1879]
INFO: [Synth 8-6155] done synthesizing module 'xpm_counter_updn__parameterized1' (0#1) [/tools/Xilinx/2025.1/Vivado/data/ip/xpm/xpm_fifo/hdl/xpm_fifo.sv:1879]
INFO: [Synth 8-6155] done synthesizing module 'xpm_fifo_base' (0#1) [/tools/Xilinx/2025.1/Vivado/data/ip/xpm/xpm_fifo/hdl/xpm_fifo.sv:53]
INFO: [Synth 8-6155] done synthesizing module 'xpm_fifo_async' (0#1) [/tools/Xilinx/2025.1/Vivado/data/ip/xpm/xpm_fifo/hdl/xpm_fifo.sv:2173]
WARNING: [Synth 8-7071] port 'sleep' of module 'xpm_fifo_async' is unconnected for instance 'cdc_fifo' [/home/fpga/worker_place/temp/temp/d9120e6c13ac49d4be62ac73d2a15bac/hdl/top_level.sv:166]
WARNING: [Synth 8-7071] port 'rst' of module 'xpm_fifo_async' is unconnected for instance 'cdc_fifo' [/home/fpga/worker_place/temp/temp/d9120e6c13ac49d4be62ac73d2a15bac/hdl/top_level.sv:166]
WARNING: [Synth 8-7071] port 'prog_full' of module 'xpm_fifo_async' is unconnected for instance 'cdc_fifo' [/home/fpga/worker_place/temp/temp/d9120e6c13ac49d4be62ac73d2a15bac/hdl/top_level.sv:166]
WARNING: [Synth 8-7071] port 'wr_data_count' of module 'xpm_fifo_async' is unconnected for instance 'cdc_fifo' [/home/fpga/worker_place/temp/temp/d9120e6c13ac49d4be62ac73d2a15bac/hdl/top_level.sv:166]
WARNING: [Synth 8-7071] port 'overflow' of module 'xpm_fifo_async' is unconnected for instance 'cdc_fifo' [/home/fpga/worker_place/temp/temp/d9120e6c13ac49d4be62ac73d2a15bac/hdl/top_level.sv:166]
WARNING: [Synth 8-7071] port 'wr_rst_busy' of module 'xpm_fifo_async' is unconnected for instance 'cdc_fifo' [/home/fpga/worker_place/temp/temp/d9120e6c13ac49d4be62ac73d2a15bac/hdl/top_level.sv:166]
WARNING: [Synth 8-7071] port 'almost_full' of module 'xpm_fifo_async' is unconnected for instance 'cdc_fifo' [/home/fpga/worker_place/temp/temp/d9120e6c13ac49d4be62ac73d2a15bac/hdl/top_level.sv:166]
WARNING: [Synth 8-7071] port 'wr_ack' of module 'xpm_fifo_async' is unconnected for instance 'cdc_fifo' [/home/fpga/worker_place/temp/temp/d9120e6c13ac49d4be62ac73d2a15bac/hdl/top_level.sv:166]
WARNING: [Synth 8-7071] port 'prog_empty' of module 'xpm_fifo_async' is unconnected for instance 'cdc_fifo' [/home/fpga/worker_place/temp/temp/d9120e6c13ac49d4be62ac73d2a15bac/hdl/top_level.sv:166]
WARNING: [Synth 8-7071] port 'rd_data_count' of module 'xpm_fifo_async' is unconnected for instance 'cdc_fifo' [/home/fpga/worker_place/temp/temp/d9120e6c13ac49d4be62ac73d2a15bac/hdl/top_level.sv:166]
WARNING: [Synth 8-7071] port 'underflow' of module 'xpm_fifo_async' is unconnected for instance 'cdc_fifo' [/home/fpga/worker_place/temp/temp/d9120e6c13ac49d4be62ac73d2a15bac/hdl/top_level.sv:166]
WARNING: [Synth 8-7071] port 'rd_rst_busy' of module 'xpm_fifo_async' is unconnected for instance 'cdc_fifo' [/home/fpga/worker_place/temp/temp/d9120e6c13ac49d4be62ac73d2a15bac/hdl/top_level.sv:166]
WARNING: [Synth 8-7071] port 'almost_empty' of module 'xpm_fifo_async' is unconnected for instance 'cdc_fifo' [/home/fpga/worker_place/temp/temp/d9120e6c13ac49d4be62ac73d2a15bac/hdl/top_level.sv:166]
WARNING: [Synth 8-7071] port 'data_valid' of module 'xpm_fifo_async' is unconnected for instance 'cdc_fifo' [/home/fpga/worker_place/temp/temp/d9120e6c13ac49d4be62ac73d2a15bac/hdl/top_level.sv:166]
WARNING: [Synth 8-7071] port 'injectsbiterr' of module 'xpm_fifo_async' is unconnected for instance 'cdc_fifo' [/home/fpga/worker_place/temp/temp/d9120e6c13ac49d4be62ac73d2a15bac/hdl/top_level.sv:166]
WARNING: [Synth 8-7071] port 'injectdbiterr' of module 'xpm_fifo_async' is unconnected for instance 'cdc_fifo' [/home/fpga/worker_place/temp/temp/d9120e6c13ac49d4be62ac73d2a15bac/hdl/top_level.sv:166]
WARNING: [Synth 8-7071] port 'sbiterr' of module 'xpm_fifo_async' is unconnected for instance 'cdc_fifo' [/home/fpga/worker_place/temp/temp/d9120e6c13ac49d4be62ac73d2a15bac/hdl/top_level.sv:166]
WARNING: [Synth 8-7071] port 'dbiterr' of module 'xpm_fifo_async' is unconnected for instance 'cdc_fifo' [/home/fpga/worker_place/temp/temp/d9120e6c13ac49d4be62ac73d2a15bac/hdl/top_level.sv:166]
WARNING: [Synth 8-7023] instance 'cdc_fifo' of module 'xpm_fifo_async' has 26 connections declared, but only 8 given [/home/fpga/worker_place/temp/temp/d9120e6c13ac49d4be62ac73d2a15bac/hdl/top_level.sv:166]
INFO: [Synth 8-6157] synthesizing module 'line_buffer' [/home/fpga/worker_place/temp/temp/d9120e6c13ac49d4be62ac73d2a15bac/hdl/line_buffer.sv:8]
	Parameter HRES bound to: 320 - type: integer 
	Parameter VRES bound to: 180 - type: integer 
INFO: [Synth 8-6157] synthesizing module 'xilinx_true_dual_port_read_first_1_clock_ram' [/home/fpga/worker_place/temp/temp/d9120e6c13ac49d4be62ac73d2a15bac/hdl/xilinx_true_dual_port_read_first_1_clock_ram.v:10]
	Parameter RAM_WIDTH bound to: 16 - type: integer 
	Parameter RAM_DEPTH bound to: 320 - type: integer 
	Parameter RAM_PERFORMANCE bound to: HIGH_PERFORMANCE - type: string 
INFO: [Synth 8-6155] done synthesizing module 'xilinx_true_dual_port_read_first_1_clock_ram' (0#1) [/home/fpga/worker_place/temp/temp/d9120e6c13ac49d4be62ac73d2a15bac/hdl/xilinx_true_dual_port_read_first_1_clock_ram.v:10]
WARNING: [Synth 8-689] width (11) of port connection 'addra' does not match port width (9) of module 'xilinx_true_dual_port_read_first_1_clock_ram' [/home/fpga/worker_place/temp/temp/d9120e6c13ac49d4be62ac73d2a15bac/hdl/line_buffer.sv:46]
WARNING: [Synth 8-689] width (11) of port connection 'addrb' does not match port width (9) of module 'xilinx_true_dual_port_read_first_1_clock_ram' [/home/fpga/worker_place/temp/temp/d9120e6c13ac49d4be62ac73d2a15bac/hdl/line_buffer.sv:51]
WARNING: [Synth 8-689] width (11) of port connection 'addra' does not match port width (9) of module 'xilinx_true_dual_port_read_first_1_clock_ram' [/home/fpga/worker_place/temp/temp/d9120e6c13ac49d4be62ac73d2a15bac/hdl/line_buffer.sv:46]
WARNING: [Synth 8-689] width (11) of port connection 'addrb' does not match port width (9) of module 'xilinx_true_dual_port_read_first_1_clock_ram' [/home/fpga/worker_place/temp/temp/d9120e6c13ac49d4be62ac73d2a15bac/hdl/line_buffer.sv:51]
WARNING: [Synth 8-689] width (11) of port connection 'addra' does not match port width (9) of module 'xilinx_true_dual_port_read_first_1_clock_ram' [/home/fpga/worker_place/temp/temp/d9120e6c13ac49d4be62ac73d2a15bac/hdl/line_buffer.sv:46]
WARNING: [Synth 8-689] width (11) of port connection 'addrb' does not match port width (9) of module 'xilinx_true_dual_port_read_first_1_clock_ram' [/home/fpga/worker_place/temp/temp/d9120e6c13ac49d4be62ac73d2a15bac/hdl/line_buffer.sv:51]
WARNING: [Synth 8-689] width (11) of port connection 'addra' does not match port width (9) of module 'xilinx_true_dual_port_read_first_1_clock_ram' [/home/fpga/worker_place/temp/temp/d9120e6c13ac49d4be62ac73d2a15bac/hdl/line_buffer.sv:46]
WARNING: [Synth 8-689] width (11) of port connection 'addrb' does not match port width (9) of module 'xilinx_true_dual_port_read_first_1_clock_ram' [/home/fpga/worker_place/temp/temp/d9120e6c13ac49d4be62ac73d2a15bac/hdl/line_buffer.sv:51]
INFO: [Synth 8-6155] done synthesizing module 'line_buffer' (0#1) [/home/fpga/worker_place/temp/temp/d9120e6c13ac49d4be62ac73d2a15bac/hdl/line_buffer.sv:8]
INFO: [Synth 8-6157] synthesizing module 'xilinx_true_dual_port_read_first_2_clock_ram' [/home/fpga/worker_place/temp/temp/d9120e6c13ac49d4be62ac73d2a15bac/hdl/xilinx_true_dual_port_read_first_2_clock_ram.v:10]
	Parameter RAM_WIDTH bound to: 16 - type: integer 
	Parameter RAM_DEPTH bound to: 57600 - type: integer 
INFO: [Synth 8-6155] done synthesizing module 'xilinx_true_dual_port_read_first_2_clock_ram' (0#1) [/home/fpga/worker_place/temp/temp/d9120e6c13ac49d4be62ac73d2a15bac/hdl/xilinx_true_dual_port_read_first_2_clock_ram.v:10]
INFO: [Synth 8-6157] synthesizing module 'rgb_to_ycrcb' [/home/fpga/worker_place/temp/temp/d9120e6c13ac49d4be62ac73d2a15bac/hdl/rgb_to_ycrcb.sv:59]
INFO: [Synth 8-6155] done synthesizing module 'rgb_to_ycrcb' (0#1) [/home/fpga/worker_place/temp/temp/d9120e6c13ac49d4be62ac73d2a15bac/hdl/rgb_to_ycrcb.sv:59]
WARNING: [Synth 8-689] width (8) of port connection 'r' does not match port width (10) of module 'rgb_to_ycrcb' [/home/fpga/worker_place/temp/temp/d9120e6c13ac49d4be62ac73d2a15bac/hdl/top_level.sv:454]
WARNING: [Synth 8-689] width (8) of port connection 'g' does not match port width (10) of module 'rgb_to_ycrcb' [/home/fpga/worker_place/temp/temp/d9120e6c13ac49d4be62ac73d2a15bac/hdl/top_level.sv:455]
WARNING: [Synth 8-689] width (8) of port connection 'b' does not match port width (10) of module 'rgb_to_ycrcb' [/home/fpga/worker_place/temp/temp/d9120e6c13ac49d4be62ac73d2a15bac/hdl/top_level.sv:456]
INFO: [Synth 8-6157] synthesizing module 'screen_half' [/home/fpga/worker_place/temp/temp/d9120e6c13ac49d4be62ac73d2a15bac/hdl/screen_half.sv:4]
	Parameter H_RES bound to: 1280 - type: integer 
INFO: [Synth 8-6155] done synthesizing module 'screen_half' (0#1) [/home/fpga/worker_place/temp/temp/d9120e6c13ac49d4be62ac73d2a15bac/hdl/screen_half.sv:4]
INFO: [Synth 8-6157] synthesizing module 'half_mux' [/home/fpga/worker_place/temp/temp/d9120e6c13ac49d4be62ac73d2a15bac/hdl/half_mux.sv:4]
INFO: [Synth 8-6155] done synthesizing module 'half_mux' (0#1) [/home/fpga/worker_place/temp/temp/d9120e6c13ac49d4be62ac73d2a15bac/hdl/half_mux.sv:4]
INFO: [Synth 8-6157] synthesizing module 'channel_select' [/home/fpga/worker_place/temp/temp/d9120e6c13ac49d4be62ac73d2a15bac/hdl/channel_select.sv:6]
INFO: [Synth 8-226] default block is never used [/home/fpga/worker_place/temp/temp/d9120e6c13ac49d4be62ac73d2a15bac/hdl/channel_select.sv:13]
INFO: [Synth 8-6155] done synthesizing module 'channel_select' (0#1) [/home/fpga/worker_place/temp/temp/d9120e6c13ac49d4be62ac73d2a15bac/hdl/channel_select.sv:6]
INFO: [Synth 8-6157] synthesizing module 'threshold' [/home/fpga/worker_place/temp/temp/d9120e6c13ac49d4be62ac73d2a15bac/hdl/threshold.sv:7]
INFO: [Synth 8-6155] done synthesizing module 'threshold' (0#1) [/home/fpga/worker_place/temp/temp/d9120e6c13ac49d4be62ac73d2a15bac/hdl/threshold.sv:7]
INFO: [Synth 8-6157] synthesizing module 'score_ssc' [/home/fpga/worker_place/temp/temp/d9120e6c13ac49d4be62ac73d2a15bac/hdl/score_ssc.sv:4]
	Parameter COUNT_TO bound to: 100000 - type: integer 
INFO: [Synth 8-6157] synthesizing module 'bto7s' [/home/fpga/worker_place/temp/temp/d9120e6c13ac49d4be62ac73d2a15bac/hdl/lab05_ssc.sv:96]
INFO: [Synth 8-6155] done synthesizing module 'bto7s' (0#1) [/home/fpga/worker_place/temp/temp/d9120e6c13ac49d4be62ac73d2a15bac/hdl/lab05_ssc.sv:96]
INFO: [Synth 8-294] found qualifier unique on case statement: implementing as parallel_case [/home/fpga/worker_place/temp/temp/d9120e6c13ac49d4be62ac73d2a15bac/hdl/score_ssc.sv:59]
INFO: [Synth 8-6155] done synthesizing module 'score_ssc' (0#1) [/home/fpga/worker_place/temp/temp/d9120e6c13ac49d4be62ac73d2a15bac/hdl/score_ssc.sv:4]
INFO: [Synth 8-6157] synthesizing module 'center_of_mass' [/home/fpga/worker_place/temp/temp/d9120e6c13ac49d4be62ac73d2a15bac/hdl/center_of_mass.sv:2]
INFO: [Synth 8-6157] synthesizing module 'divider' [/home/fpga/worker_place/temp/temp/d9120e6c13ac49d4be62ac73d2a15bac/hdl/divider.sv:4]
	Parameter WIDTH bound to: 32 - type: integer 
INFO: [Synth 8-155] case statement is not full and has no default [/home/fpga/worker_place/temp/temp/d9120e6c13ac49d4be62ac73d2a15bac/hdl/divider.sv:34]
INFO: [Synth 8-6155] done synthesizing module 'divider' (0#1) [/home/fpga/worker_place/temp/temp/d9120e6c13ac49d4be62ac73d2a15bac/hdl/divider.sv:4]
INFO: [Synth 8-155] case statement is not full and has no default [/home/fpga/worker_place/temp/temp/d9120e6c13ac49d4be62ac73d2a15bac/hdl/center_of_mass.sv:80]
INFO: [Synth 8-6155] done synthesizing module 'center_of_mass' (0#1) [/home/fpga/worker_place/temp/temp/d9120e6c13ac49d4be62ac73d2a15bac/hdl/center_of_mass.sv:2]
INFO: [Synth 8-6157] synthesizing module 'image_sprite' [/home/fpga/worker_place/temp/temp/d9120e6c13ac49d4be62ac73d2a15bac/hdl/image_sprite.sv:120]
	Parameter WIDTH bound to: 256 - type: integer 
	Parameter HEIGHT bound to: 256 - type: integer 
INFO: [Synth 8-6157] synthesizing module 'xilinx_single_port_ram_read_first' [/home/fpga/worker_place/temp/temp/d9120e6c13ac49d4be62ac73d2a15bac/hdl/xilinx_single_port_ram_read_first.v:10]
	Parameter RAM_WIDTH bound to: 8 - type: integer 
	Parameter RAM_DEPTH bound to: 131072 - type: integer 
	Parameter RAM_PERFORMANCE bound to: HIGH_PERFORMANCE - type: string 
	Parameter INIT_FILE bound to: image2.mem - type: string 
CRITICAL WARNING: [Synth 8-4445] could not open $readmem data file 'image2.mem'; please make sure the file is added to project and has read permission, ignoring [/home/fpga/worker_place/temp/temp/d9120e6c13ac49d4be62ac73d2a15bac/hdl/xilinx_single_port_ram_read_first.v:33]
INFO: [Synth 8-6155] done synthesizing module 'xilinx_single_port_ram_read_first' (0#1) [/home/fpga/worker_place/temp/temp/d9120e6c13ac49d4be62ac73d2a15bac/hdl/xilinx_single_port_ram_read_first.v:10]
INFO: [Synth 8-6157] synthesizing module 'xilinx_single_port_ram_read_first__parameterized0' [/home/fpga/worker_place/temp/temp/d9120e6c13ac49d4be62ac73d2a15bac/hdl/xilinx_single_port_ram_read_first.v:10]
	Parameter RAM_WIDTH bound to: 24 - type: integer 
	Parameter RAM_DEPTH bound to: 256 - type: integer 
	Parameter RAM_PERFORMANCE bound to: HIGH_PERFORMANCE - type: string 
	Parameter INIT_FILE bound to: palette2.mem - type: string 
CRITICAL WARNING: [Synth 8-4445] could not open $readmem data file 'palette2.mem'; please make sure the file is added to project and has read permission, ignoring [/home/fpga/worker_place/temp/temp/d9120e6c13ac49d4be62ac73d2a15bac/hdl/xilinx_single_port_ram_read_first.v:33]
INFO: [Synth 8-6155] done synthesizing module 'xilinx_single_port_ram_read_first__parameterized0' (0#1) [/home/fpga/worker_place/temp/temp/d9120e6c13ac49d4be62ac73d2a15bac/hdl/xilinx_single_port_ram_read_first.v:10]
INFO: [Synth 8-6155] done synthesizing module 'image_sprite' (0#1) [/home/fpga/worker_place/temp/temp/d9120e6c13ac49d4be62ac73d2a15bac/hdl/image_sprite.sv:120]
WARNING: [Synth 8-689] width (32) of port connection 'x' does not match port width (11) of module 'image_sprite' [/home/fpga/worker_place/temp/temp/d9120e6c13ac49d4be62ac73d2a15bac/hdl/top_level.sv:783]
WARNING: [Synth 8-689] width (32) of port connection 'y' does not match port width (10) of module 'image_sprite' [/home/fpga/worker_place/temp/temp/d9120e6c13ac49d4be62ac73d2a15bac/hdl/top_level.sv:784]
INFO: [Synth 8-6157] synthesizing module 'video_sig_gen' [/home/fpga/worker_place/temp/temp/d9120e6c13ac49d4be62ac73d2a15bac/hdl/video_sig_gen.sv:1]
INFO: [Synth 8-6155] done synthesizing module 'video_sig_gen' (0#1) [/home/fpga/worker_place/temp/temp/d9120e6c13ac49d4be62ac73d2a15bac/hdl/video_sig_gen.sv:1]
INFO: [Synth 8-6157] synthesizing module 'autopath_gen' [/home/fpga/worker_place/temp/temp/d9120e6c13ac49d4be62ac73d2a15bac/hdl/auto_path_gen.sv:4]
	Parameter GRID_W bound to: 32'sb00000000000000000000000000101000 
	Parameter GRID_H bound to: 32'sb00000000000000000000000000101000 
	Parameter FPS bound to: 32'sb00000000000000000000000000111100 
	Parameter INIT_FILE bound to: data/autopath_init.mem - type: string 
INFO: [Synth 8-6155] done synthesizing module 'autopath_gen' (0#1) [/home/fpga/worker_place/temp/temp/d9120e6c13ac49d4be62ac73d2a15bac/hdl/auto_path_gen.sv:4]
INFO: [Synth 8-6157] synthesizing module 'tmds_encoder' [/home/fpga/worker_place/temp/temp/d9120e6c13ac49d4be62ac73d2a15bac/hdl/tmds_encoder.sv:1]
INFO: [Synth 8-6157] synthesizing module 'tm_choice' [/home/fpga/worker_place/temp/temp/d9120e6c13ac49d4be62ac73d2a15bac/hdl/tm_choice.sv:1]
INFO: [Synth 8-6155] done synthesizing module 'tm_choice' (0#1) [/home/fpga/worker_place/temp/temp/d9120e6c13ac49d4be62ac73d2a15bac/hdl/tm_choice.sv:1]
INFO: [Synth 8-6155] done synthesizing module 'tmds_encoder' (0#1) [/home/fpga/worker_place/temp/temp/d9120e6c13ac49d4be62ac73d2a15bac/hdl/tmds_encoder.sv:1]
INFO: [Synth 8-6157] synthesizing module 'tmds_serializer' [/home/fpga/worker_place/temp/temp/d9120e6c13ac49d4be62ac73d2a15bac/hdl/tmds_serializer.sv:4]
INFO: [Synth 8-6157] synthesizing module 'OSERDESE2' [/tools/Xilinx/2025.1/Vivado/scripts/rt/data/unisim_comp.v:108512]
	Parameter DATA_RATE_OQ bound to: DDR - type: string 
	Parameter DATA_RATE_TQ bound to: SDR - type: string 
	Parameter DATA_WIDTH bound to: 10 - type: integer 
	Parameter SERDES_MODE bound to: MASTER - type: string 
	Parameter TBYTE_CTL bound to: FALSE - type: string 
	Parameter TBYTE_SRC bound to: FALSE - type: string 
	Parameter TRISTATE_WIDTH bound to: 1 - type: integer 
INFO: [Synth 8-6155] done synthesizing module 'OSERDESE2' (0#1) [/tools/Xilinx/2025.1/Vivado/scripts/rt/data/unisim_comp.v:108512]
INFO: [Synth 8-6157] synthesizing module 'OSERDESE2__parameterized0' [/tools/Xilinx/2025.1/Vivado/scripts/rt/data/unisim_comp.v:108512]
	Parameter DATA_RATE_OQ bound to: DDR - type: string 
	Parameter DATA_RATE_TQ bound to: SDR - type: string 
	Parameter DATA_WIDTH bound to: 10 - type: integer 
	Parameter SERDES_MODE bound to: SLAVE - type: string 
	Parameter TBYTE_CTL bound to: FALSE - type: string 
	Parameter TBYTE_SRC bound to: FALSE - type: string 
	Parameter TRISTATE_WIDTH bound to: 1 - type: integer 
INFO: [Synth 8-6155] done synthesizing module 'OSERDESE2__parameterized0' (0#1) [/tools/Xilinx/2025.1/Vivado/scripts/rt/data/unisim_comp.v:108512]
INFO: [Synth 8-6155] done synthesizing module 'tmds_serializer' (0#1) [/home/fpga/worker_place/temp/temp/d9120e6c13ac49d4be62ac73d2a15bac/hdl/tmds_serializer.sv:4]
INFO: [Synth 8-6157] synthesizing module 'OBUFDS' [/tools/Xilinx/2025.1/Vivado/scripts/rt/data/unisim_comp.v:104275]
INFO: [Synth 8-6155] done synthesizing module 'OBUFDS' (0#1) [/tools/Xilinx/2025.1/Vivado/scripts/rt/data/unisim_comp.v:104275]
INFO: [Synth 8-6157] synthesizing module 'xilinx_single_port_ram_read_first__parameterized1' [/home/fpga/worker_place/temp/temp/d9120e6c13ac49d4be62ac73d2a15bac/hdl/xilinx_single_port_ram_read_first.v:10]
	Parameter RAM_WIDTH bound to: 24 - type: integer 
	Parameter RAM_DEPTH bound to: 256 - type: integer 
	Parameter RAM_PERFORMANCE bound to: HIGH_PERFORMANCE - type: string 
	Parameter INIT_FILE bound to: rom.mem - type: string 
INFO: [Synth 8-3876] $readmem data file 'rom.mem' is read successfully [/home/fpga/worker_place/temp/temp/d9120e6c13ac49d4be62ac73d2a15bac/hdl/xilinx_single_port_ram_read_first.v:33]
INFO: [Synth 8-6155] done synthesizing module 'xilinx_single_port_ram_read_first__parameterized1' (0#1) [/home/fpga/worker_place/temp/temp/d9120e6c13ac49d4be62ac73d2a15bac/hdl/xilinx_single_port_ram_read_first.v:10]
INFO: [Synth 8-6157] synthesizing module 'IOBUF' [/tools/Xilinx/2025.1/Vivado/scripts/rt/data/unisim_comp.v:81434]
INFO: [Synth 8-6155] done synthesizing module 'IOBUF' (0#1) [/tools/Xilinx/2025.1/Vivado/scripts/rt/data/unisim_comp.v:81434]
INFO: [Synth 8-6157] synthesizing module 'camera_registers' [/home/fpga/worker_place/temp/temp/d9120e6c13ac49d4be62ac73d2a15bac/hdl/camera_registers.sv:4]
INFO: [Synth 8-6157] synthesizing module 'addr_increment' [/home/fpga/worker_place/temp/temp/d9120e6c13ac49d4be62ac73d2a15bac/hdl/camera_registers.sv:233]
	Parameter ROLLOVER bound to: 256 - type: integer 
INFO: [Synth 8-6155] done synthesizing module 'addr_increment' (0#1) [/home/fpga/worker_place/temp/temp/d9120e6c13ac49d4be62ac73d2a15bac/hdl/camera_registers.sv:233]
INFO: [Synth 8-155] case statement is not full and has no default [/home/fpga/worker_place/temp/temp/d9120e6c13ac49d4be62ac73d2a15bac/hdl/camera_registers.sv:78]
INFO: [Synth 8-6157] synthesizing module 'i2c_master' [/home/fpga/worker_place/temp/temp/d9120e6c13ac49d4be62ac73d2a15bac/hdl/i2c_master.v:32]
INFO: [Synth 8-155] case statement is not full and has no default [/home/fpga/worker_place/temp/temp/d9120e6c13ac49d4be62ac73d2a15bac/hdl/i2c_master.v:329]
INFO: [Synth 8-155] case statement is not full and has no default [/home/fpga/worker_place/temp/temp/d9120e6c13ac49d4be62ac73d2a15bac/hdl/i2c_master.v:634]
INFO: [Synth 8-6155] done synthesizing module 'i2c_master' (0#1) [/home/fpga/worker_place/temp/temp/d9120e6c13ac49d4be62ac73d2a15bac/hdl/i2c_master.v:32]
WARNING: [Synth 8-7071] port 'm_axis_data_tdata' of module 'i2c_master' is unconnected for instance 'sccb_c' [/home/fpga/worker_place/temp/temp/d9120e6c13ac49d4be62ac73d2a15bac/hdl/camera_registers.sv:197]
WARNING: [Synth 8-7071] port 'm_axis_data_tvalid' of module 'i2c_master' is unconnected for instance 'sccb_c' [/home/fpga/worker_place/temp/temp/d9120e6c13ac49d4be62ac73d2a15bac/hdl/camera_registers.sv:197]
WARNING: [Synth 8-7071] port 'm_axis_data_tlast' of module 'i2c_master' is unconnected for instance 'sccb_c' [/home/fpga/worker_place/temp/temp/d9120e6c13ac49d4be62ac73d2a15bac/hdl/camera_registers.sv:197]
WARNING: [Synth 8-7071] port 'stop_on_idle' of module 'i2c_master' is unconnected for instance 'sccb_c' [/home/fpga/worker_place/temp/temp/d9120e6c13ac49d4be62ac73d2a15bac/hdl/camera_registers.sv:197]
WARNING: [Synth 8-7023] instance 'sccb_c' of module 'i2c_master' has 30 connections declared, but only 26 given [/home/fpga/worker_place/temp/temp/d9120e6c13ac49d4be62ac73d2a15bac/hdl/camera_registers.sv:197]
INFO: [Synth 8-6155] done synthesizing module 'camera_registers' (0#1) [/home/fpga/worker_place/temp/temp/d9120e6c13ac49d4be62ac73d2a15bac/hdl/camera_registers.sv:4]
INFO: [Synth 8-6157] synthesizing module 'path_checker' [/home/fpga/worker_place/temp/temp/d9120e6c13ac49d4be62ac73d2a15bac/hdl/path_checker.sv:3]
	Parameter GRID_W bound to: 40 - type: integer 
	Parameter GRID_H bound to: 40 - type: integer 
	Parameter CELL_W bound to: 16 - type: integer 
	Parameter CELL_H bound to: 18 - type: integer 
	Parameter RADIUS bound to: 24 - type: integer 
INFO: [Synth 8-6155] done synthesizing module 'path_checker' (0#1) [/home/fpga/worker_place/temp/temp/d9120e6c13ac49d4be62ac73d2a15bac/hdl/path_checker.sv:3]
INFO: [Synth 8-6157] synthesizing module 'game_fsm' [/home/fpga/worker_place/temp/temp/d9120e6c13ac49d4be62ac73d2a15bac/hdl/game_fsm.sv:2]
INFO: [Synth 8-155] case statement is not full and has no default [/home/fpga/worker_place/temp/temp/d9120e6c13ac49d4be62ac73d2a15bac/hdl/game_fsm.sv:84]
INFO: [Synth 8-6155] done synthesizing module 'game_fsm' (0#1) [/home/fpga/worker_place/temp/temp/d9120e6c13ac49d4be62ac73d2a15bac/hdl/game_fsm.sv:2]
INFO: [Synth 8-6155] done synthesizing module 'top_level' (0#1) [/home/fpga/worker_place/temp/temp/d9120e6c13ac49d4be62ac73d2a15bac/hdl/top_level.sv:4]
WARNING: [Synth 8-6014] Unused sequential element dest_out_bin_ff_reg was removed.  [/tools/Xilinx/2025.1/Vivado/data/ip/xpm/xpm_cdc/hdl/xpm_cdc.sv:417]
WARNING: [Synth 8-6014] Unused sequential element dest_out_bin_ff_reg was removed.  [/tools/Xilinx/2025.1/Vivado/data/ip/xpm/xpm_cdc/hdl/xpm_cdc.sv:417]
WARNING: [Synth 8-3936] Found unconnected internal register 'cb1_reg' and it is trimmed from '22' to '20' bits. [/home/fpga/worker_place/temp/temp/d9120e6c13ac49d4be62ac73d2a15bac/hdl/rgb_to_ycrcb.sv:110]
WARNING: [Synth 8-3936] Found unconnected internal register 'cr1_reg' and it is trimmed from '22' to '20' bits. [/home/fpga/worker_place/temp/temp/d9120e6c13ac49d4be62ac73d2a15bac/hdl/rgb_to_ycrcb.sv:101]
WARNING: [Synth 8-3936] Found unconnected internal register 'y1_reg' and it is trimmed from '22' to '20' bits. [/home/fpga/worker_place/temp/temp/d9120e6c13ac49d4be62ac73d2a15bac/hdl/rgb_to_ycrcb.sv:92]
WARNING: [Synth 8-6014] Unused sequential element rollover_out_reg was removed.  [/home/fpga/worker_place/temp/temp/d9120e6c13ac49d4be62ac73d2a15bac/hdl/camera_registers.sv:258]
WARNING: [Synth 8-6014] Unused sequential element last_scl_i_reg_reg was removed.  [/home/fpga/worker_place/temp/temp/d9120e6c13ac49d4be62ac73d2a15bac/hdl/i2c_master.v:285]
WARNING: [Synth 8-3848] Net addra in module/entity top_level does not have driver. [/home/fpga/worker_place/temp/temp/d9120e6c13ac49d4be62ac73d2a15bac/hdl/top_level.sv:363]
WARNING: [Synth 8-3848] Net camera_mem in module/entity top_level does not have driver. [/home/fpga/worker_place/temp/temp/d9120e6c13ac49d4be62ac73d2a15bac/hdl/top_level.sv:365]
WARNING: [Synth 8-3848] Net valid_camera_mem in module/entity top_level does not have driver. [/home/fpga/worker_place/temp/temp/d9120e6c13ac49d4be62ac73d2a15bac/hdl/top_level.sv:364]
WARNING: [Synth 8-3917] design top_level has port led[15] driven by constant 0
WARNING: [Synth 8-3917] design top_level has port led[14] driven by constant 0
WARNING: [Synth 8-3917] design top_level has port led[13] driven by constant 0
WARNING: [Synth 8-3917] design top_level has port led[12] driven by constant 0
WARNING: [Synth 8-3917] design top_level has port led[11] driven by constant 0
WARNING: [Synth 8-3917] design top_level has port led[10] driven by constant 0
WARNING: [Synth 8-3917] design top_level has port led[9] driven by constant 0
WARNING: [Synth 8-3917] design top_level has port led[8] driven by constant 0
WARNING: [Synth 8-3917] design top_level has port led[7] driven by constant 0
WARNING: [Synth 8-3917] design top_level has port led[6] driven by constant 0
WARNING: [Synth 8-3917] design top_level has port led[5] driven by constant 0
WARNING: [Synth 8-3917] design top_level has port rgb0[1] driven by constant 0
WARNING: [Synth 8-3917] design top_level has port rgb1[2] driven by constant 0
WARNING: [Synth 8-3917] design top_level has port rgb1[1] driven by constant 0
WARNING: [Synth 8-3917] design top_level has port rgb1[0] driven by constant 0
WARNING: [Synth 8-7129] Port new_frame in module autopath_gen is either unconnected or has no load
WARNING: [Synth 8-7129] Port shift_left_req in module autopath_gen is either unconnected or has no load
WARNING: [Synth 8-7129] Port shift_right_req in module autopath_gen is either unconnected or has no load
WARNING: [Synth 8-7129] Port state[2] in module score_ssc is either unconnected or has no load
WARNING: [Synth 8-7129] Port state[1] in module score_ssc is either unconnected or has no load
WARNING: [Synth 8-7129] Port state[0] in module score_ssc is either unconnected or has no load
WARNING: [Synth 8-7129] Port sleep in module xpm_memory_base is either unconnected or has no load
WARNING: [Synth 8-7129] Port rsta in module xpm_memory_base is either unconnected or has no load
WARNING: [Synth 8-7129] Port regcea in module xpm_memory_base is either unconnected or has no load
WARNING: [Synth 8-7129] Port injectsbiterra in module xpm_memory_base is either unconnected or has no load
WARNING: [Synth 8-7129] Port injectdbiterra in module xpm_memory_base is either unconnected or has no load
WARNING: [Synth 8-7129] Port regceb in module xpm_memory_base is either unconnected or has no load
WARNING: [Synth 8-7129] Port dinb[36] in module xpm_memory_base is either unconnected or has no load
WARNING: [Synth 8-7129] Port dinb[35] in module xpm_memory_base is either unconnected or has no load
WARNING: [Synth 8-7129] Port dinb[34] in module xpm_memory_base is either unconnected or has no load
WARNING: [Synth 8-7129] Port dinb[33] in module xpm_memory_base is either unconnected or has no load
WARNING: [Synth 8-7129] Port dinb[32] in module xpm_memory_base is either unconnected or has no load
WARNING: [Synth 8-7129] Port dinb[31] in module xpm_memory_base is either unconnected or has no load
WARNING: [Synth 8-7129] Port dinb[30] in module xpm_memory_base is either unconnected or has no load
WARNING: [Synth 8-7129] Port dinb[29] in module xpm_memory_base is either unconnected or has no load
WARNING: [Synth 8-7129] Port dinb[28] in module xpm_memory_base is either unconnected or has no load
WARNING: [Synth 8-7129] Port dinb[27] in module xpm_memory_base is either unconnected or has no load
WARNING: [Synth 8-7129] Port dinb[26] in module xpm_memory_base is either unconnected or has no load
WARNING: [Synth 8-7129] Port dinb[25] in module xpm_memory_base is either unconnected or has no load
WARNING: [Synth 8-7129] Port dinb[24] in module xpm_memory_base is either unconnected or has no load
WARNING: [Synth 8-7129] Port dinb[23] in module xpm_memory_base is either unconnected or has no load
WARNING: [Synth 8-7129] Port dinb[22] in module xpm_memory_base is either unconnected or has no load
WARNING: [Synth 8-7129] Port dinb[21] in module xpm_memory_base is either unconnected or has no load
WARNING: [Synth 8-7129] Port dinb[20] in module xpm_memory_base is either unconnected or has no load
WARNING: [Synth 8-7129] Port dinb[19] in module xpm_memory_base is either unconnected or has no load
WARNING: [Synth 8-7129] Port dinb[18] in module xpm_memory_base is either unconnected or has no load
WARNING: [Synth 8-7129] Port dinb[17] in module xpm_memory_base is either unconnected or has no load
WARNING: [Synth 8-7129] Port dinb[16] in module xpm_memory_base is either unconnected or has no load
WARNING: [Synth 8-7129] Port dinb[15] in module xpm_memory_base is either unconnected or has no load
WARNING: [Synth 8-7129] Port dinb[14] in module xpm_memory_base is either unconnected or has no load
WARNING: [Synth 8-7129] Port dinb[13] in module xpm_memory_base is either unconnected or has no load
WARNING: [Synth 8-7129] Port dinb[12] in module xpm_memory_base is either unconnected or has no load
WARNING: [Synth 8-7129] Port dinb[11] in module xpm_memory_base is either unconnected or has no load
WARNING: [Synth 8-7129] Port dinb[10] in module xpm_memory_base is either unconnected or has no load
WARNING: [Synth 8-7129] Port dinb[9] in module xpm_memory_base is either unconnected or has no load
WARNING: [Synth 8-7129] Port dinb[8] in module xpm_memory_base is either unconnected or has no load
WARNING: [Synth 8-7129] Port dinb[7] in module xpm_memory_base is either unconnected or has no load
WARNING: [Synth 8-7129] Port dinb[6] in module xpm_memory_base is either unconnected or has no load
WARNING: [Synth 8-7129] Port dinb[5] in module xpm_memory_base is either unconnected or has no load
WARNING: [Synth 8-7129] Port dinb[4] in module xpm_memory_base is either unconnected or has no load
WARNING: [Synth 8-7129] Port dinb[3] in module xpm_memory_base is either unconnected or has no load
WARNING: [Synth 8-7129] Port dinb[2] in module xpm_memory_base is either unconnected or has no load
WARNING: [Synth 8-7129] Port dinb[1] in module xpm_memory_base is either unconnected or has no load
WARNING: [Synth 8-7129] Port dinb[0] in module xpm_memory_base is either unconnected or has no load
WARNING: [Synth 8-7129] Port injectsbiterrb in module xpm_memory_base is either unconnected or has no load
WARNING: [Synth 8-7129] Port injectdbiterrb in module xpm_memory_base is either unconnected or has no load
WARNING: [Synth 8-7129] Port sw[15] in module top_level is either unconnected or has no load
WARNING: [Synth 8-7129] Port sw[14] in module top_level is either unconnected or has no load
WARNING: [Synth 8-7129] Port sw[13] in module top_level is either unconnected or has no load
WARNING: [Synth 8-7129] Port sw[12] in module top_level is either unconnected or has no load
WARNING: [Synth 8-7129] Port sw[11] in module top_level is either unconnected or has no load
WARNING: [Synth 8-7129] Port sw[10] in module top_level is either unconnected or has no load
WARNING: [Synth 8-7129] Port sw[9] in module top_level is either unconnected or has no load
WARNING: [Synth 8-7129] Port sw[8] in module top_level is either unconnected or has no load
WARNING: [Synth 8-7129] Port sw[7] in module top_level is either unconnected or has no load
WARNING: [Synth 8-7129] Port sw[6] in module top_level is either unconnected or has no load
WARNING: [Synth 8-7129] Port sw[5] in module top_level is either unconnected or has no load
WARNING: [Synth 8-7129] Port sw[4] in module top_level is either unconnected or has no load
WARNING: [Synth 8-7129] Port sw[3] in module top_level is either unconnected or has no load
WARNING: [Synth 8-7129] Port sw[2] in module top_level is either unconnected or has no load
WARNING: [Synth 8-7129] Port sw[1] in module top_level is either unconnected or has no load
WARNING: [Synth 8-7129] Port sw[0] in module top_level is either unconnected or has no load
WARNING: [Synth 8-7129] Port btn[3] in module top_level is either unconnected or has no load
---------------------------------------------------------------------------------
Finished RTL Elaboration : Time (s): cpu = 00:00:05 ; elapsed = 00:00:05 . Memory (MB): peak = 2288.680 ; gain = 614.250 ; free physical = 26503 ; free virtual = 37105
---------------------------------------------------------------------------------
---------------------------------------------------------------------------------
Start Handling Custom Attributes
---------------------------------------------------------------------------------
---------------------------------------------------------------------------------
Finished Handling Custom Attributes : Time (s): cpu = 00:00:05 ; elapsed = 00:00:05 . Memory (MB): peak = 2297.586 ; gain = 623.156 ; free physical = 26503 ; free virtual = 37105
---------------------------------------------------------------------------------
---------------------------------------------------------------------------------
Finished RTL Optimization Phase 1 : Time (s): cpu = 00:00:05 ; elapsed = 00:00:05 . Memory (MB): peak = 2297.586 ; gain = 623.156 ; free physical = 26503 ; free virtual = 37105
---------------------------------------------------------------------------------
Netlist sorting complete. Time (s): cpu = 00:00:00.05 ; elapsed = 00:00:00.06 . Memory (MB): peak = 2303.523 ; gain = 0.000 ; free physical = 26503 ; free virtual = 37105
INFO: [Netlist 29-17] Analyzing 8 Unisim elements for replacement
INFO: [Netlist 29-28] Unisim Transformation completed in 0 CPU seconds
INFO: [Project 1-570] Preparing netlist for logic optimization

Processing XDC Constraints
Initializing timing engine
Parsing XDC File [/home/fpga/worker_place/temp/temp/d9120e6c13ac49d4be62ac73d2a15bac/xdc/top_level.xdc]
Finished Parsing XDC File [/home/fpga/worker_place/temp/temp/d9120e6c13ac49d4be62ac73d2a15bac/xdc/top_level.xdc]
INFO: [Project 1-236] Implementation specific constraints were found while reading constraint file [/home/fpga/worker_place/temp/temp/d9120e6c13ac49d4be62ac73d2a15bac/xdc/top_level.xdc]. These constraints will be ignored for synthesis but will be used in implementation. Impacted constraints are listed in the file [.Xil/top_level_propImpl.xdc].
Resolution: To avoid this warning, move constraints listed in [.Xil/top_level_propImpl.xdc] to another XDC file and exclude this new file from synthesis with the used_in_synthesis property (File Properties dialog in GUI) and re-run elaboration/synthesis.
INFO: [Timing 38-2] Deriving generated clocks
Completed Processing XDC Constraints

Netlist sorting complete. Time (s): cpu = 00:00:00 ; elapsed = 00:00:00 . Memory (MB): peak = 2419.324 ; gain = 0.000 ; free physical = 26507 ; free virtual = 37109
INFO: [Project 1-111] Unisim Transformation Summary:
  A total of 6 instances were transformed.
  IOBUF => IOBUF (IBUF, OBUFT): 2 instances
  OBUFDS => OBUFDS_DUAL_BUF (INV, OBUFDS(x2)): 4 instances

Constraint Validation Runtime : Time (s): cpu = 00:00:00.01 ; elapsed = 00:00:00.01 . Memory (MB): peak = 2419.359 ; gain = 0.000 ; free physical = 26507 ; free virtual = 37109
---------------------------------------------------------------------------------
Finished Constraint Validation : Time (s): cpu = 00:00:10 ; elapsed = 00:00:10 . Memory (MB): peak = 2419.359 ; gain = 744.930 ; free physical = 26492 ; free virtual = 37094
---------------------------------------------------------------------------------
---------------------------------------------------------------------------------
Start Loading Part and Timing Information
---------------------------------------------------------------------------------
Loading part: xc7s50csga324-1
---------------------------------------------------------------------------------
Finished Loading Part and Timing Information : Time (s): cpu = 00:00:10 ; elapsed = 00:00:10 . Memory (MB): peak = 2427.328 ; gain = 752.898 ; free physical = 26492 ; free virtual = 37094
---------------------------------------------------------------------------------
---------------------------------------------------------------------------------
Start Applying 'set_property' XDC Constraints
---------------------------------------------------------------------------------
---------------------------------------------------------------------------------
Finished applying 'set_property' XDC Constraints : Time (s): cpu = 00:00:10 ; elapsed = 00:00:10 . Memory (MB): peak = 2427.328 ; gain = 752.898 ; free physical = 26492 ; free virtual = 37094
---------------------------------------------------------------------------------
INFO: [Synth 8-802] inferred FSM for state register 'gen_rst_ic.curr_wrst_state_reg' in module 'xpm_fifo_rst'
INFO: [Synth 8-802] inferred FSM for state register 'gen_rst_ic.curr_rrst_state_reg' in module 'xpm_fifo_rst'
INFO: [Synth 8-802] inferred FSM for state register 'state_reg' in module 'divider'
INFO: [Synth 8-802] inferred FSM for state register 'state_reg' in module 'center_of_mass'
INFO: [Synth 8-802] inferred FSM for state register 'state_reg_reg' in module 'i2c_master'
INFO: [Synth 8-802] inferred FSM for state register 'phy_state_reg_reg' in module 'i2c_master'
INFO: [Synth 8-802] inferred FSM for state register 'state_reg' in module 'camera_registers'
INFO: [Synth 8-802] inferred FSM for state register 'cs_reg' in module 'game_fsm'
INFO: [Synth 8-5552] Implemented safe state 'default_state' for state register 'gen_rst_ic.curr_wrst_state_reg' in module 'xpm_fifo_rst'
---------------------------------------------------------------------------------------------------
                   State |                     New Encoding |                Previous Encoding 
---------------------------------------------------------------------------------------------------
*
               WRST_IDLE |                            00001 |                              000
                 WRST_IN |                            00010 |                              010
                WRST_OUT |                            00100 |                              111
               WRST_EXIT |                            01000 |                              110
            WRST_GO2IDLE |                            10000 |                              100
---------------------------------------------------------------------------------------------------
INFO: [Synth 8-3354] encoded FSM with state register 'gen_rst_ic.curr_wrst_state_reg' using encoding 'one-hot' in module 'xpm_fifo_rst'
INFO: [Synth 8-5552] Implemented safe state 'default_state' for state register 'gen_rst_ic.curr_rrst_state_reg' in module 'xpm_fifo_rst'
---------------------------------------------------------------------------------------------------
                   State |                     New Encoding |                Previous Encoding 
---------------------------------------------------------------------------------------------------
*
               RRST_IDLE |                               00 |                               00
                 RRST_IN |                               01 |                               10
                RRST_OUT |                               10 |                               11
               RRST_EXIT |                               11 |                               01
---------------------------------------------------------------------------------------------------
INFO: [Synth 8-3354] encoded FSM with state register 'gen_rst_ic.curr_rrst_state_reg' using encoding 'sequential' in module 'xpm_fifo_rst'
INFO: [Synth 8-3971] The signal "xilinx_true_dual_port_read_first_1_clock_ram:/BRAM_reg" was recognized as a true dual port RAM template.
INFO: [Synth 8-3971] The signal "xilinx_true_dual_port_read_first_2_clock_ram:/BRAM_reg" was recognized as a true dual port RAM template.
---------------------------------------------------------------------------------------------------
                   State |                     New Encoding |                Previous Encoding 
---------------------------------------------------------------------------------------------------
                 RESTING |                                0 | 00000000000000000000000000000000
                DIVIDING |                                1 | 00000000000000000000000000000001
---------------------------------------------------------------------------------------------------
INFO: [Synth 8-3354] encoded FSM with state register 'state_reg' using encoding 'sequential' in module 'divider'
---------------------------------------------------------------------------------------------------
                   State |                     New Encoding |                Previous Encoding 
---------------------------------------------------------------------------------------------------
                  ADDING |                                0 | 00000000000000000000000000000001
                DIVIDING |                                1 | 00000000000000000000000000000000
---------------------------------------------------------------------------------------------------
INFO: [Synth 8-3354] encoded FSM with state register 'state_reg' using encoding 'sequential' in module 'center_of_mass'
---------------------------------------------------------------------------------------------------
                   State |                     New Encoding |                Previous Encoding 
---------------------------------------------------------------------------------------------------
              STATE_IDLE |                     000000000001 |                            00000
        STATE_START_WAIT |                     000000000010 |                            00011
         STATE_ADDRESS_1 |                     000000000100 |                            00101
         STATE_ADDRESS_2 |                     000000001000 |                            00110
              STATE_READ |                     000000010000 |                            01010
       STATE_ACTIVE_READ |                     000000100000 |                            00010
             STATE_START |                     000001000000 |                            00100
              STATE_STOP |                     000010000000 |                            01011
           STATE_WRITE_1 |                     000100000000 |                            00111
           STATE_WRITE_2 |                     001000000000 |                            01000
           STATE_WRITE_3 |                     010000000000 |                            01001
      STATE_ACTIVE_WRITE |                     100000000000 |                            00001
---------------------------------------------------------------------------------------------------
INFO: [Synth 8-3354] encoded FSM with state register 'state_reg_reg' using encoding 'one-hot' in module 'i2c_master'
---------------------------------------------------------------------------------------------------
                   State |                     New Encoding |                Previous Encoding 
---------------------------------------------------------------------------------------------------
          PHY_STATE_IDLE |                             0000 |                            00000
       PHY_STATE_START_1 |                             0001 |                            00100
       PHY_STATE_START_2 |                             0010 |                            00101
        PHY_STATE_ACTIVE |                             0011 |                            00001
PHY_STATE_REPEATED_START_1 |                             0100 |                            00010
PHY_STATE_REPEATED_START_2 |                             0101 |                            00011
   PHY_STATE_WRITE_BIT_1 |                             0110 |                            00110
   PHY_STATE_WRITE_BIT_2 |                             0111 |                            00111
   PHY_STATE_WRITE_BIT_3 |                             1000 |                            01000
    PHY_STATE_READ_BIT_1 |                             1001 |                            01001
    PHY_STATE_READ_BIT_2 |                             1010 |                            01010
    PHY_STATE_READ_BIT_3 |                             1011 |                            01011
    PHY_STATE_READ_BIT_4 |                             1100 |                            01100
        PHY_STATE_STOP_1 |                             1101 |                            01101
        PHY_STATE_STOP_2 |                             1110 |                            01110
        PHY_STATE_STOP_3 |                             1111 |                            01111
---------------------------------------------------------------------------------------------------
INFO: [Synth 8-3354] encoded FSM with state register 'phy_state_reg_reg' using encoding 'sequential' in module 'i2c_master'
---------------------------------------------------------------------------------------------------
                   State |                     New Encoding |                Previous Encoding 
---------------------------------------------------------------------------------------------------
                     RST |                        000000001 | 00000000000000000000000000000000
               WAIT_INIT |                        000000010 | 00000000000000000000000000000001
             GET_REGPAIR |                        000000100 | 00000000000000000000000000000010
            WAIT_REGPAIR |                        000001000 | 00000000000000000000000000000011
           WRITE_REGPAIR |                        000010000 | 00000000000000000000000000000100
               ISSUE_CMD |                        000100000 | 00000000000000000000000000000101
        WRITE_REGADDR_HI |                        001000000 | 00000000000000000000000000000110
        WRITE_REGADDR_LO |                        010000000 | 00000000000000000000000000000111
           WRITE_REGDATA |                        100000000 | 00000000000000000000000000001000
---------------------------------------------------------------------------------------------------
INFO: [Synth 8-3354] encoded FSM with state register 'state_reg' using encoding 'one-hot' in module 'camera_registers'
---------------------------------------------------------------------------------------------------
                   State |                     New Encoding |                Previous Encoding 
---------------------------------------------------------------------------------------------------
                    INIT |                              001 |                              000
                   READY |                              100 |                              001
                    PLAY |                              011 |                              010
               LIFE_LOSS |                              010 |                              011
               GAME_OVER |                              000 |                              100
---------------------------------------------------------------------------------------------------
INFO: [Synth 8-3354] encoded FSM with state register 'cs_reg' using encoding 'sequential' in module 'game_fsm'
---------------------------------------------------------------------------------
Finished RTL Optimization Phase 2 : Time (s): cpu = 00:00:11 ; elapsed = 00:00:11 . Memory (MB): peak = 2427.328 ; gain = 752.898 ; free physical = 26495 ; free virtual = 37099
---------------------------------------------------------------------------------
---------------------------------------------------------------------------------
Start RTL Component Statistics 
---------------------------------------------------------------------------------
Detailed RTL Component Info : 
+---Adders : 
	   2 Input   32 Bit       Adders := 11    
	   3 Input   32 Bit       Adders := 4     
	   2 Input   25 Bit       Adders := 2     
	   4 Input   20 Bit       Adders := 2     
	   3 Input   17 Bit       Adders := 1     
	   2 Input   17 Bit       Adders := 1     
	   3 Input   13 Bit       Adders := 1     
	   3 Input   12 Bit       Adders := 3     
	   2 Input   11 Bit       Adders := 5     
	   3 Input   11 Bit       Adders := 4     
	   2 Input   10 Bit       Adders := 6     
	   2 Input    9 Bit       Adders := 1     
	   2 Input    8 Bit       Adders := 4     
	   4 Input    7 Bit       Adders := 2     
	   2 Input    7 Bit       Adders := 1     
	   3 Input    7 Bit       Adders := 6     
	   4 Input    6 Bit       Adders := 6     
	   3 Input    6 Bit       Adders := 1     
	   2 Input    6 Bit       Adders := 15    
	   2 Input    4 Bit       Adders := 3     
	   8 Input    4 Bit       Adders := 6     
	   2 Input    3 Bit       Adders := 3     
	   2 Input    2 Bit       Adders := 3     
+---XORs : 
	   2 Input      7 Bit         XORs := 2     
	   2 Input      6 Bit         XORs := 2     
	   2 Input      1 Bit         XORs := 46    
+---Registers : 
	               40 Bit    Registers := 80    
	               37 Bit    Registers := 1     
	               32 Bit    Registers := 27    
	               24 Bit    Registers := 5     
	               20 Bit    Registers := 2     
	               19 Bit    Registers := 2     
	               17 Bit    Registers := 1     
	               16 Bit    Registers := 23    
	               11 Bit    Registers := 16    
	               10 Bit    Registers := 26    
	                9 Bit    Registers := 1     
	                8 Bit    Registers := 19    
	                7 Bit    Registers := 14    
	                6 Bit    Registers := 30    
	                4 Bit    Registers := 3     
	                3 Bit    Registers := 2     
	                2 Bit    Registers := 7     
	                1 Bit    Registers := 100   
+---RAMs : 
	            1024K Bit	(131072 X 8 bit)          RAMs := 1     
	             900K Bit	(57600 X 16 bit)          RAMs := 1     
	               6K Bit	(256 X 24 bit)          RAMs := 2     
	               5K Bit	(320 X 16 bit)          RAMs := 4     
	               2K Bit	(64 X 37 bit)          RAMs := 1     
+---Muxes : 
	   2 Input   40 Bit        Muxes := 80    
	   2 Input   32 Bit        Muxes := 22    
	   9 Input   24 Bit        Muxes := 1     
	   2 Input   17 Bit        Muxes := 1     
	  16 Input   17 Bit        Muxes := 1     
	   4 Input   16 Bit        Muxes := 3     
	   2 Input   16 Bit        Muxes := 3     
	  12 Input   12 Bit        Muxes := 1     
	   2 Input   12 Bit        Muxes := 23    
	   2 Input   11 Bit        Muxes := 6     
	   2 Input   10 Bit        Muxes := 13    
	   4 Input   10 Bit        Muxes := 3     
	   2 Input    9 Bit        Muxes := 14    
	   4 Input    9 Bit        Muxes := 1     
	   9 Input    9 Bit        Muxes := 1     
	   2 Input    8 Bit        Muxes := 16    
	  12 Input    8 Bit        Muxes := 1     
	   6 Input    8 Bit        Muxes := 1     
	   5 Input    8 Bit        Muxes := 3     
	   2 Input    7 Bit        Muxes := 1     
	   3 Input    7 Bit        Muxes := 1     
	   2 Input    6 Bit        Muxes := 17    
	   6 Input    5 Bit        Muxes := 1     
	   2 Input    5 Bit        Muxes := 8     
	  12 Input    4 Bit        Muxes := 1     
	  22 Input    4 Bit        Muxes := 1     
	   2 Input    3 Bit        Muxes := 11    
	   5 Input    3 Bit        Muxes := 3     
	   4 Input    3 Bit        Muxes := 1     
	   5 Input    2 Bit        Muxes := 2     
	   2 Input    2 Bit        Muxes := 11    
	   2 Input    1 Bit        Muxes := 266   
	   6 Input    1 Bit        Muxes := 4     
	   5 Input    1 Bit        Muxes := 5     
	  12 Input    1 Bit        Muxes := 16    
	  16 Input    1 Bit        Muxes := 9     
	   9 Input    1 Bit        Muxes := 4     
---------------------------------------------------------------------------------
Finished RTL Component Statistics 
---------------------------------------------------------------------------------
---------------------------------------------------------------------------------
Start Part Resource Summary
---------------------------------------------------------------------------------
Part Resources:
DSPs: 120 (col length:60)
BRAMs: 150 (col length: RAMB18 60 RAMB36 30)
---------------------------------------------------------------------------------
Finished Part Resource Summary
---------------------------------------------------------------------------------
---------------------------------------------------------------------------------
Start Cross Boundary and Area Optimization
---------------------------------------------------------------------------------
WARNING: [Synth 8-7080] Parallel synthesis criteria is not met
DSP Report: Generating DSP yb_reg, operation Mode is: (A*(B:0x74))'.
DSP Report: register yb_reg is absorbed into DSP yb_reg.
DSP Report: operator yb0 is absorbed into DSP yb_reg.
DSP Report: Generating DSP y10, operation Mode is: PCIN+(A*(B:0x132))'.
DSP Report: register yr_reg is absorbed into DSP y10.
DSP Report: operator yr0 is absorbed into DSP y10.
DSP Report: operator y10 is absorbed into DSP y10.
DSP Report: Generating DSP y1_reg, operation Mode is: (PCIN+((A:0x259)*B)')'.
DSP Report: register y1_reg is absorbed into DSP y1_reg.
DSP Report: register yg_reg is absorbed into DSP y1_reg.
DSP Report: operator y10 is absorbed into DSP y1_reg.
DSP Report: operator yg0 is absorbed into DSP y1_reg.
DSP Report: Generating DSP crg_reg, operation Mode is: (A*(B:0x1ad))'.
DSP Report: register crg_reg is absorbed into DSP crg_reg.
DSP Report: operator crg0 is absorbed into DSP crg_reg.
DSP Report: Generating DSP crb_reg, operation Mode is: (A*(B:0x53))'.
DSP Report: register crb_reg is absorbed into DSP crb_reg.
DSP Report: operator crb0 is absorbed into DSP crb_reg.
DSP Report: Generating DSP cbr_reg, operation Mode is: (A*(B:0xad))'.
DSP Report: register cbr_reg is absorbed into DSP cbr_reg.
DSP Report: operator cbr0 is absorbed into DSP cbr_reg.
DSP Report: Generating DSP cbg_reg, operation Mode is: (A*(B:0x153))'.
DSP Report: register cbg_reg is absorbed into DSP cbg_reg.
DSP Report: operator cbg0 is absorbed into DSP cbg_reg.
DSP Report: Generating DSP hit_tile2, operation Mode is: (D-A)*B.
DSP Report: operator hit_tile2 is absorbed into DSP hit_tile2.
DSP Report: operator hit_tile3 is absorbed into DSP hit_tile2.
DSP Report: Generating DSP hit_tile1, operation Mode is: PCIN+(D-A)*B.
DSP Report: operator hit_tile1 is absorbed into DSP hit_tile1.
DSP Report: operator hit_tile2 is absorbed into DSP hit_tile1.
DSP Report: operator hit_tile3 is absorbed into DSP hit_tile1.
DSP Report: Generating DSP red4, operation Mode is: A*B.
DSP Report: operator red4 is absorbed into DSP red4.
DSP Report: Generating DSP red4, operation Mode is: A*B.
DSP Report: operator red4 is absorbed into DSP red4.
DSP Report: Generating DSP red4, operation Mode is: A*B.
DSP Report: operator red4 is absorbed into DSP red4.
DSP Report: Generating DSP red4, operation Mode is: A*B.
DSP Report: operator red4 is absorbed into DSP red4.
WARNING: [Synth 8-3917] design top_level has port led[15] driven by constant 0
WARNING: [Synth 8-3917] design top_level has port led[14] driven by constant 0
WARNING: [Synth 8-3917] design top_level has port led[13] driven by constant 0
WARNING: [Synth 8-3917] design top_level has port led[12] driven by constant 0
WARNING: [Synth 8-3917] design top_level has port led[11] driven by constant 0
WARNING: [Synth 8-3917] design top_level has port led[10] driven by constant 0
WARNING: [Synth 8-3917] design top_level has port led[9] driven by constant 0
WARNING: [Synth 8-3917] design top_level has port led[8] driven by constant 0
WARNING: [Synth 8-3917] design top_level has port led[7] driven by constant 0
WARNING: [Synth 8-3917] design top_level has port led[6] driven by constant 0
WARNING: [Synth 8-3917] design top_level has port led[5] driven by constant 0
WARNING: [Synth 8-3917] design top_level has port rgb0[1] driven by constant 0
WARNING: [Synth 8-3917] design top_level has port rgb1[2] driven by constant 0
WARNING: [Synth 8-3917] design top_level has port rgb1[1] driven by constant 0
WARNING: [Synth 8-3917] design top_level has port rgb1[0] driven by constant 0
WARNING: [Synth 8-7129] Port p1_x[10] in module path_checker is either unconnected or has no load
WARNING: [Synth 8-7129] Port p2_x[10] in module path_checker is either unconnected or has no load
WARNING: [Synth 8-7129] Port new_frame in module autopath_gen is either unconnected or has no load
WARNING: [Synth 8-7129] Port shift_left_req in module autopath_gen is either unconnected or has no load
WARNING: [Synth 8-7129] Port shift_right_req in module autopath_gen is either unconnected or has no load
WARNING: [Synth 8-7129] Port state[2] in module score_ssc is either unconnected or has no load
WARNING: [Synth 8-7129] Port state[1] in module score_ssc is either unconnected or has no load
WARNING: [Synth 8-7129] Port state[0] in module score_ssc is either unconnected or has no load
WARNING: [Synth 8-7129] Port rsta in module xpm_memory_base is either unconnected or has no load
WARNING: [Synth 8-7129] Port regcea in module xpm_memory_base is either unconnected or has no load
WARNING: [Synth 8-7129] Port injectsbiterra in module xpm_memory_base is either unconnected or has no load
WARNING: [Synth 8-7129] Port injectdbiterra in module xpm_memory_base is either unconnected or has no load
WARNING: [Synth 8-7129] Port regceb in module xpm_memory_base is either unconnected or has no load
WARNING: [Synth 8-7129] Port dinb[36] in module xpm_memory_base is either unconnected or has no load
WARNING: [Synth 8-7129] Port dinb[35] in module xpm_memory_base is either unconnected or has no load
WARNING: [Synth 8-7129] Port dinb[34] in module xpm_memory_base is either unconnected or has no load
WARNING: [Synth 8-7129] Port dinb[33] in module xpm_memory_base is either unconnected or has no load
WARNING: [Synth 8-7129] Port dinb[32] in module xpm_memory_base is either unconnected or has no load
WARNING: [Synth 8-7129] Port dinb[31] in module xpm_memory_base is either unconnected or has no load
WARNING: [Synth 8-7129] Port dinb[30] in module xpm_memory_base is either unconnected or has no load
WARNING: [Synth 8-7129] Port dinb[29] in module xpm_memory_base is either unconnected or has no load
WARNING: [Synth 8-7129] Port dinb[28] in module xpm_memory_base is either unconnected or has no load
WARNING: [Synth 8-7129] Port dinb[27] in module xpm_memory_base is either unconnected or has no load
WARNING: [Synth 8-7129] Port dinb[26] in module xpm_memory_base is either unconnected or has no load
WARNING: [Synth 8-7129] Port dinb[25] in module xpm_memory_base is either unconnected or has no load
WARNING: [Synth 8-7129] Port dinb[24] in module xpm_memory_base is either unconnected or has no load
WARNING: [Synth 8-7129] Port dinb[23] in module xpm_memory_base is either unconnected or has no load
WARNING: [Synth 8-7129] Port dinb[22] in module xpm_memory_base is either unconnected or has no load
WARNING: [Synth 8-7129] Port dinb[21] in module xpm_memory_base is either unconnected or has no load
WARNING: [Synth 8-7129] Port dinb[20] in module xpm_memory_base is either unconnected or has no load
WARNING: [Synth 8-7129] Port dinb[19] in module xpm_memory_base is either unconnected or has no load
WARNING: [Synth 8-7129] Port dinb[18] in module xpm_memory_base is either unconnected or has no load
WARNING: [Synth 8-7129] Port dinb[17] in module xpm_memory_base is either unconnected or has no load
WARNING: [Synth 8-7129] Port dinb[16] in module xpm_memory_base is either unconnected or has no load
WARNING: [Synth 8-7129] Port dinb[15] in module xpm_memory_base is either unconnected or has no load
WARNING: [Synth 8-7129] Port dinb[14] in module xpm_memory_base is either unconnected or has no load
WARNING: [Synth 8-7129] Port dinb[13] in module xpm_memory_base is either unconnected or has no load
WARNING: [Synth 8-7129] Port dinb[12] in module xpm_memory_base is either unconnected or has no load
WARNING: [Synth 8-7129] Port dinb[11] in module xpm_memory_base is either unconnected or has no load
WARNING: [Synth 8-7129] Port dinb[10] in module xpm_memory_base is either unconnected or has no load
WARNING: [Synth 8-7129] Port dinb[9] in module xpm_memory_base is either unconnected or has no load
WARNING: [Synth 8-7129] Port dinb[8] in module xpm_memory_base is either unconnected or has no load
WARNING: [Synth 8-7129] Port dinb[7] in module xpm_memory_base is either unconnected or has no load
WARNING: [Synth 8-7129] Port dinb[6] in module xpm_memory_base is either unconnected or has no load
WARNING: [Synth 8-7129] Port dinb[5] in module xpm_memory_base is either unconnected or has no load
WARNING: [Synth 8-7129] Port dinb[4] in module xpm_memory_base is either unconnected or has no load
WARNING: [Synth 8-7129] Port dinb[3] in module xpm_memory_base is either unconnected or has no load
WARNING: [Synth 8-7129] Port dinb[2] in module xpm_memory_base is either unconnected or has no load
WARNING: [Synth 8-7129] Port dinb[1] in module xpm_memory_base is either unconnected or has no load
WARNING: [Synth 8-7129] Port dinb[0] in module xpm_memory_base is either unconnected or has no load
WARNING: [Synth 8-7129] Port injectsbiterrb in module xpm_memory_base is either unconnected or has no load
WARNING: [Synth 8-7129] Port injectdbiterrb in module xpm_memory_base is either unconnected or has no load
WARNING: [Synth 8-7129] Port sw[15] in module top_level is either unconnected or has no load
WARNING: [Synth 8-7129] Port sw[14] in module top_level is either unconnected or has no load
WARNING: [Synth 8-7129] Port sw[13] in module top_level is either unconnected or has no load
WARNING: [Synth 8-7129] Port sw[12] in module top_level is either unconnected or has no load
WARNING: [Synth 8-7129] Port sw[11] in module top_level is either unconnected or has no load
WARNING: [Synth 8-7129] Port sw[10] in module top_level is either unconnected or has no load
WARNING: [Synth 8-7129] Port sw[9] in module top_level is either unconnected or has no load
WARNING: [Synth 8-7129] Port sw[8] in module top_level is either unconnected or has no load
WARNING: [Synth 8-7129] Port sw[7] in module top_level is either unconnected or has no load
WARNING: [Synth 8-7129] Port sw[6] in module top_level is either unconnected or has no load
WARNING: [Synth 8-7129] Port sw[5] in module top_level is either unconnected or has no load
WARNING: [Synth 8-7129] Port sw[4] in module top_level is either unconnected or has no load
WARNING: [Synth 8-7129] Port sw[3] in module top_level is either unconnected or has no load
WARNING: [Synth 8-7129] Port sw[2] in module top_level is either unconnected or has no load
WARNING: [Synth 8-7129] Port sw[1] in module top_level is either unconnected or has no load
WARNING: [Synth 8-7129] Port sw[0] in module top_level is either unconnected or has no load
WARNING: [Synth 8-7129] Port btn[3] in module top_level is either unconnected or has no load
CRITICAL WARNING: [Synth 8-5796] RAM (ds_lbuff/i_0) has conflicting writes using multiple ports with same address
WARNING: [Synth 8-6014] Unused sequential element genblk1[0].line_buffer_ram/BRAM_reg was removed. 
CRITICAL WARNING: [Synth 8-5796] RAM (ds_lbuff/i_1) has conflicting writes using multiple ports with same address
WARNING: [Synth 8-6014] Unused sequential element genblk1[1].line_buffer_ram/BRAM_reg was removed. 
CRITICAL WARNING: [Synth 8-5796] RAM (ds_lbuff/i_2) has conflicting writes using multiple ports with same address
WARNING: [Synth 8-6014] Unused sequential element genblk1[2].line_buffer_ram/BRAM_reg was removed. 
CRITICAL WARNING: [Synth 8-5796] RAM (ds_lbuff/i_3) has conflicting writes using multiple ports with same address
WARNING: [Synth 8-6014] Unused sequential element genblk1[3].line_buffer_ram/BRAM_reg was removed. 
WARNING: [Synth 8-6014] Unused sequential element frame_buffer/BRAM_reg was removed. 
WARNING: [Synth 8-7257] Removed RAM (u_img_rom/BRAM_reg) due to inactive write enable.
WARNING: [Synth 8-6014] Unused sequential element u_img_rom/BRAM_reg was removed. 
WARNING: [Synth 8-7257] Removed RAM (u_pal_rom/BRAM_reg) due to inactive write enable.
WARNING: [Synth 8-6014] Unused sequential element u_pal_rom/BRAM_reg was removed. 
WARNING: [Synth 8-3332] Sequential element (sccb_c/FSM_onehot_state_reg_reg[6]) is unused and will be removed from module camera_registers.
WARNING: [Synth 8-3332] Sequential element (sccb_c/FSM_onehot_state_reg_reg[5]) is unused and will be removed from module camera_registers.
WARNING: [Synth 8-3332] Sequential element (sccb_c/FSM_onehot_state_reg_reg[4]) is unused and will be removed from module camera_registers.
---------------------------------------------------------------------------------
Finished Cross Boundary and Area Optimization : Time (s): cpu = 00:00:41 ; elapsed = 00:00:42 . Memory (MB): peak = 2591.352 ; gain = 916.922 ; free physical = 26433 ; free virtual = 37054
---------------------------------------------------------------------------------
 Sort Area is  hit_tile2_a : 0 0 : 984 2038 : Used 1 time 0
 Sort Area is  hit_tile2_a : 0 1 : 1054 2038 : Used 1 time 0
 Sort Area is  red4_11 : 0 0 : 1052 1052 : Used 1 time 0
 Sort Area is  red4_d : 0 0 : 1052 1052 : Used 1 time 0
 Sort Area is  red4_12 : 0 0 : 912 912 : Used 1 time 0
 Sort Area is  red4_f : 0 0 : 912 912 : Used 1 time 0
 Sort Area is  yb_reg_0 : 0 0 : 162 685 : Used 1 time 0
 Sort Area is  yb_reg_0 : 0 1 : 226 685 : Used 1 time 0
 Sort Area is  yb_reg_0 : 0 2 : 297 685 : Used 1 time 0
 Sort Area is  cbg_reg_7 : 0 0 : 345 345 : Used 1 time 0
 Sort Area is  crg_reg_5 : 0 0 : 345 345 : Used 1 time 0
 Sort Area is  cbr_reg_8 : 0 0 : 225 225 : Used 1 time 0
 Sort Area is  crb_reg_4 : 0 0 : 162 162 : Used 1 time 0
---------------------------------------------------------------------------------
Start ROM, RAM, DSP, Shift Register and Retiming Reporting
---------------------------------------------------------------------------------

Block RAM: Preliminary Mapping Report (see note below)
+----------------------------------------------------------------------------------+----------------------------------+------------------------+---+---+------------------------+---+---+------------------+--------+--------+
|Module Name                                                                       | RTL Object                       | PORT A (Depth x Width) | W | R | PORT B (Depth x Width) | W | R | Ports driving FF | RAMB18 | RAMB36 | 
+----------------------------------------------------------------------------------+----------------------------------+------------------------+---+---+------------------------+---+---+------------------+--------+--------+
|cdc_fifo/\gnuram_async_fifo.xpm_fifo_base_inst /\gen_sdpram.xpm_memory_base_inst  | gen_wr_a.gen_word_narrow.mem_reg | 64 x 37(NO_CHANGE)     | W |   | 64 x 37(WRITE_FIRST)   |   | R | Port A and B     | 0      | 1      | 
|top_level                                                                         | frame_buffer/BRAM_reg            | 56 K x 16(READ_FIRST)  | W |   | 56 K x 16(WRITE_FIRST) |   | R | Port A and B     | 0      | 32     | 
|xilinx_single_port_ram_read_first__parameterized1:                                | BRAM_reg                         | 256 x 24(READ_FIRST)   | W | R |                        |   |   | Port A           | 1      | 0      | 
+----------------------------------------------------------------------------------+----------------------------------+------------------------+---+---+------------------------+---+---+------------------+--------+--------+

Note: The table above is a preliminary report that shows the Block RAMs at the current stage of the synthesis flow. Some Block RAMs may be reimplemented as non Block RAM primitives later in the synthesis flow. Multiple instantiated Block RAMs are reported only once. 

DSP: Preliminary Mapping Report (see note below. The ' indicates corresponding REG is set)
+-------------+------------------------+--------+--------+--------+--------+--------+------+------+------+------+-------+------+------+
|Module Name  | DSP Mapping            | A Size | B Size | C Size | D Size | P Size | AREG | BREG | CREG | DREG | ADREG | MREG | PREG | 
+-------------+------------------------+--------+--------+--------+--------+--------+------+------+------+------+-------+------+------+
|rgb_to_ycrcb | (A*(B:0x74))'          | 10     | 7      | -      | -      | 17     | 0    | 0    | -    | -    | -     | 1    | 0    | 
|rgb_to_ycrcb | PCIN+(A*(B:0x132))'    | 10     | 9      | -      | -      | 20     | 0    | 0    | -    | -    | -     | 1    | 0    | 
|rgb_to_ycrcb | (PCIN+((A:0x259)*B)')' | 10     | 10     | -      | -      | 20     | 0    | 0    | -    | -    | -     | 1    | 1    | 
|rgb_to_ycrcb | (A*(B:0x1ad))'         | 10     | 9      | -      | -      | 19     | 0    | 0    | -    | -    | -     | 1    | 0    | 
|rgb_to_ycrcb | (A*(B:0x53))'          | 10     | 7      | -      | -      | 17     | 0    | 0    | -    | -    | -     | 1    | 0    | 
|rgb_to_ycrcb | (A*(B:0xad))'          | 10     | 8      | -      | -      | 18     | 0    | 0    | -    | -    | -     | 1    | 0    | 
|rgb_to_ycrcb | (A*(B:0x153))'         | 10     | 9      | -      | -      | 19     | 0    | 0    | -    | -    | -     | 1    | 0    | 
|path_checker | (D-A)*B                | 10     | 11     | -      | 10     | 22     | 0    | 0    | -    | 0    | 0     | 0    | 0    | 
|path_checker | PCIN+(D-A)*B           | 10     | 11     | -      | 10     | 23     | 0    | 0    | -    | 0    | 0     | 0    | 0    | 
|top_level    | A*B                    | 11     | 11     | -      | -      | 22     | 0    | 0    | -    | -    | -     | 0    | 0    | 
|top_level    | A*B                    | 12     | 12     | -      | -      | 24     | 0    | 0    | -    | -    | -     | 0    | 0    | 
|top_level    | A*B                    | 11     | 11     | -      | -      | 22     | 0    | 0    | -    | -    | -     | 0    | 0    | 
|top_level    | A*B                    | 12     | 12     | -      | -      | 24     | 0    | 0    | -    | -    | -     | 0    | 0    | 
+-------------+------------------------+--------+--------+--------+--------+--------+------+------+------+------+-------+------+------+

Note: The table above is a preliminary report that shows the DSPs inferred at the current stage of the synthesis flow. Some DSP may be reimplemented as non DSP primitives later in the synthesis flow. Multiple instantiated DSPs are reported only once.
---------------------------------------------------------------------------------
Finished ROM, RAM, DSP, Shift Register and Retiming Reporting
---------------------------------------------------------------------------------
---------------------------------------------------------------------------------
Start Applying XDC Timing Constraints
---------------------------------------------------------------------------------
---------------------------------------------------------------------------------
Finished Applying XDC Timing Constraints : Time (s): cpu = 00:00:45 ; elapsed = 00:00:46 . Memory (MB): peak = 2591.352 ; gain = 916.922 ; free physical = 26433 ; free virtual = 37054
---------------------------------------------------------------------------------
---------------------------------------------------------------------------------
Start Timing Optimization
---------------------------------------------------------------------------------
---------------------------------------------------------------------------------
Finished Timing Optimization : Time (s): cpu = 00:00:47 ; elapsed = 00:00:48 . Memory (MB): peak = 2591.352 ; gain = 916.922 ; free physical = 26434 ; free virtual = 37055
---------------------------------------------------------------------------------
---------------------------------------------------------------------------------
Start ROM, RAM, DSP, Shift Register and Retiming Reporting
---------------------------------------------------------------------------------

Block RAM: Final Mapping Report
+----------------------------------------------------------------------------------+----------------------------------+------------------------+---+---+------------------------+---+---+------------------+--------+--------+
|Module Name                                                                       | RTL Object                       | PORT A (Depth x Width) | W | R | PORT B (Depth x Width) | W | R | Ports driving FF | RAMB18 | RAMB36 | 
+----------------------------------------------------------------------------------+----------------------------------+------------------------+---+---+------------------------+---+---+------------------+--------+--------+
|cdc_fifo/\gnuram_async_fifo.xpm_fifo_base_inst /\gen_sdpram.xpm_memory_base_inst  | gen_wr_a.gen_word_narrow.mem_reg | 64 x 37(NO_CHANGE)     | W |   | 64 x 37(WRITE_FIRST)   |   | R | Port A and B     | 0      | 1      | 
|top_level                                                                         | frame_buffer/BRAM_reg            | 56 K x 16(READ_FIRST)  | W |   | 56 K x 16(WRITE_FIRST) |   | R | Port A and B     | 0      | 32     | 
|xilinx_single_port_ram_read_first__parameterized1:                                | BRAM_reg                         | 256 x 24(READ_FIRST)   | W | R |                        |   |   | Port A           | 1      | 0      | 
+----------------------------------------------------------------------------------+----------------------------------+------------------------+---+---+------------------------+---+---+------------------+--------+--------+

---------------------------------------------------------------------------------
Finished ROM, RAM, DSP, Shift Register and Retiming Reporting
---------------------------------------------------------------------------------
---------------------------------------------------------------------------------
Start Technology Mapping
---------------------------------------------------------------------------------
INFO: [Synth 8-223] decloning instance 'frame_buffer/BRAM_reg_0_1' (RAMB36E1_1) to 'frame_buffer/BRAM_reg_0_0'
INFO: [Synth 8-223] decloning instance 'frame_buffer/BRAM_reg_0_2' (RAMB36E1_1) to 'frame_buffer/BRAM_reg_0_0'
INFO: [Synth 8-223] decloning instance 'frame_buffer/BRAM_reg_0_3' (RAMB36E1_1) to 'frame_buffer/BRAM_reg_0_0'
INFO: [Synth 8-223] decloning instance 'frame_buffer/BRAM_reg_0_4' (RAMB36E1_1) to 'frame_buffer/BRAM_reg_0_0'
INFO: [Synth 8-223] decloning instance 'frame_buffer/BRAM_reg_0_5' (RAMB36E1_1) to 'frame_buffer/BRAM_reg_0_0'
INFO: [Synth 8-223] decloning instance 'frame_buffer/BRAM_reg_0_6' (RAMB36E1_1) to 'frame_buffer/BRAM_reg_0_0'
INFO: [Synth 8-223] decloning instance 'frame_buffer/BRAM_reg_0_7' (RAMB36E1_1) to 'frame_buffer/BRAM_reg_0_0'
INFO: [Synth 8-223] decloning instance 'frame_buffer/BRAM_reg_0_8' (RAMB36E1_1) to 'frame_buffer/BRAM_reg_0_0'
INFO: [Synth 8-223] decloning instance 'frame_buffer/BRAM_reg_0_9' (RAMB36E1_1) to 'frame_buffer/BRAM_reg_0_0'
INFO: [Synth 8-223] decloning instance 'frame_buffer/BRAM_reg_0_10' (RAMB36E1_1) to 'frame_buffer/BRAM_reg_0_0'
INFO: [Synth 8-223] decloning instance 'frame_buffer/BRAM_reg_0_11' (RAMB36E1_1) to 'frame_buffer/BRAM_reg_0_0'
INFO: [Synth 8-223] decloning instance 'frame_buffer/BRAM_reg_0_12' (RAMB36E1_1) to 'frame_buffer/BRAM_reg_0_0'
INFO: [Synth 8-223] decloning instance 'frame_buffer/BRAM_reg_0_13' (RAMB36E1_1) to 'frame_buffer/BRAM_reg_0_0'
INFO: [Synth 8-223] decloning instance 'frame_buffer/BRAM_reg_0_14' (RAMB36E1_1) to 'frame_buffer/BRAM_reg_0_0'
INFO: [Synth 8-223] decloning instance 'frame_buffer/BRAM_reg_0_15' (RAMB36E1_1) to 'frame_buffer/BRAM_reg_0_0'
INFO: [Synth 8-223] decloning instance 'frame_buffer/BRAM_reg_1_1' (RAMB36E1_2) to 'frame_buffer/BRAM_reg_1_0'
INFO: [Synth 8-223] decloning instance 'frame_buffer/BRAM_reg_1_2' (RAMB36E1_2) to 'frame_buffer/BRAM_reg_1_0'
INFO: [Synth 8-223] decloning instance 'frame_buffer/BRAM_reg_1_3' (RAMB36E1_2) to 'frame_buffer/BRAM_reg_1_0'
INFO: [Synth 8-223] decloning instance 'frame_buffer/BRAM_reg_1_4' (RAMB36E1_2) to 'frame_buffer/BRAM_reg_1_0'
INFO: [Synth 8-223] decloning instance 'frame_buffer/BRAM_reg_1_5' (RAMB36E1_2) to 'frame_buffer/BRAM_reg_1_0'
INFO: [Synth 8-223] decloning instance 'frame_buffer/BRAM_reg_1_6' (RAMB36E1_2) to 'frame_buffer/BRAM_reg_1_0'
INFO: [Synth 8-223] decloning instance 'frame_buffer/BRAM_reg_1_7' (RAMB36E1_2) to 'frame_buffer/BRAM_reg_1_0'
INFO: [Synth 8-223] decloning instance 'frame_buffer/BRAM_reg_1_8' (RAMB36E1_2) to 'frame_buffer/BRAM_reg_1_0'
INFO: [Synth 8-223] decloning instance 'frame_buffer/BRAM_reg_1_9' (RAMB36E1_2) to 'frame_buffer/BRAM_reg_1_0'
INFO: [Synth 8-223] decloning instance 'frame_buffer/BRAM_reg_1_10' (RAMB36E1_2) to 'frame_buffer/BRAM_reg_1_0'
INFO: [Synth 8-223] decloning instance 'frame_buffer/BRAM_reg_1_11' (RAMB36E1_2) to 'frame_buffer/BRAM_reg_1_0'
INFO: [Synth 8-223] decloning instance 'frame_buffer/BRAM_reg_1_12' (RAMB36E1_2) to 'frame_buffer/BRAM_reg_1_0'
INFO: [Synth 8-223] decloning instance 'frame_buffer/BRAM_reg_1_13' (RAMB36E1_2) to 'frame_buffer/BRAM_reg_1_0'
INFO: [Synth 8-223] decloning instance 'frame_buffer/BRAM_reg_1_14' (RAMB36E1_2) to 'frame_buffer/BRAM_reg_1_0'
INFO: [Synth 8-223] decloning instance 'frame_buffer/BRAM_reg_1_15' (RAMB36E1_2) to 'frame_buffer/BRAM_reg_1_0'
INFO: [Synth 8-7052] The timing for the instance cdc_fifo/gnuram_async_fifo.xpm_fifo_base_inst/gen_sdpram.xpm_memory_base_inst/gen_wr_a.gen_word_narrow.mem_reg (implemented as a Block RAM) might be sub-optimal as no optional output register could be merged into the ram block. Providing additional output register may help in improving timing.
---------------------------------------------------------------------------------
Finished Technology Mapping : Time (s): cpu = 00:00:49 ; elapsed = 00:00:50 . Memory (MB): peak = 2591.352 ; gain = 916.922 ; free physical = 26427 ; free virtual = 37047
---------------------------------------------------------------------------------
---------------------------------------------------------------------------------
Start IO Insertion
---------------------------------------------------------------------------------
---------------------------------------------------------------------------------
Start Flattening Before IO Insertion
---------------------------------------------------------------------------------
---------------------------------------------------------------------------------
Finished Flattening Before IO Insertion
---------------------------------------------------------------------------------
---------------------------------------------------------------------------------
Start Final Netlist Cleanup
---------------------------------------------------------------------------------
---------------------------------------------------------------------------------
Finished Final Netlist Cleanup
---------------------------------------------------------------------------------
WARNING: [Synth 8-3295] tying undriven pin cdc_fifo:sleep to constant 0
WARNING: [Synth 8-3295] tying undriven pin cdc_fifo:rst to constant 0
---------------------------------------------------------------------------------
Finished IO Insertion : Time (s): cpu = 00:00:51 ; elapsed = 00:00:51 . Memory (MB): peak = 2695.164 ; gain = 1020.734 ; free physical = 26389 ; free virtual = 37010
---------------------------------------------------------------------------------
---------------------------------------------------------------------------------
Start Renaming Generated Instances
---------------------------------------------------------------------------------
---------------------------------------------------------------------------------
Finished Renaming Generated Instances : Time (s): cpu = 00:00:51 ; elapsed = 00:00:51 . Memory (MB): peak = 2695.164 ; gain = 1020.734 ; free physical = 26381 ; free virtual = 37002
---------------------------------------------------------------------------------
---------------------------------------------------------------------------------
Start Rebuilding User Hierarchy
---------------------------------------------------------------------------------
---------------------------------------------------------------------------------
Finished Rebuilding User Hierarchy : Time (s): cpu = 00:00:51 ; elapsed = 00:00:52 . Memory (MB): peak = 2695.164 ; gain = 1020.734 ; free physical = 26381 ; free virtual = 37002
---------------------------------------------------------------------------------
---------------------------------------------------------------------------------
Start Renaming Generated Ports
---------------------------------------------------------------------------------
---------------------------------------------------------------------------------
Finished Renaming Generated Ports : Time (s): cpu = 00:00:51 ; elapsed = 00:00:52 . Memory (MB): peak = 2695.164 ; gain = 1020.734 ; free physical = 26381 ; free virtual = 37002
---------------------------------------------------------------------------------
---------------------------------------------------------------------------------
Start Handling Custom Attributes
---------------------------------------------------------------------------------
---------------------------------------------------------------------------------
Finished Handling Custom Attributes : Time (s): cpu = 00:00:51 ; elapsed = 00:00:52 . Memory (MB): peak = 2701.102 ; gain = 1026.672 ; free physical = 26381 ; free virtual = 37002
---------------------------------------------------------------------------------
---------------------------------------------------------------------------------
Start Renaming Generated Nets
---------------------------------------------------------------------------------
---------------------------------------------------------------------------------
Finished Renaming Generated Nets : Time (s): cpu = 00:00:51 ; elapsed = 00:00:52 . Memory (MB): peak = 2701.102 ; gain = 1026.672 ; free physical = 26381 ; free virtual = 37002
---------------------------------------------------------------------------------
---------------------------------------------------------------------------------
Start ROM, RAM, DSP, Shift Register and Retiming Reporting
---------------------------------------------------------------------------------

Static Shift Register Report:
+------------+---------------+--------+-------+--------------+--------------------+-------------------+--------+---------+
|Module Name | RTL Name      | Length | Width | Reset Signal | Pull out first Reg | Pull out last Reg | SRL16E | SRLC32E | 
+------------+---------------+--------+-------+--------------+--------------------+-------------------+--------+---------+
|top_level   | h_d6_reg[10]  | 6      | 11    | YES          | NO                 | YES               | 11     | 0       | 
|top_level   | active_d6_reg | 6      | 1     | YES          | NO                 | YES               | 1      | 0       | 
|top_level   | v_d6_reg[9]   | 6      | 10    | YES          | NO                 | YES               | 10     | 0       | 
+------------+---------------+--------+-------+--------------+--------------------+-------------------+--------+---------+

---------------------------------------------------------------------------------
Finished ROM, RAM, DSP, Shift Register and Retiming Reporting
---------------------------------------------------------------------------------
---------------------------------------------------------------------------------
Start Writing Synthesis Report
---------------------------------------------------------------------------------

DSP Final Report (the ' indicates corresponding REG is set)
+-------------+-------------+--------+--------+--------+--------+--------+------+------+------+------+-------+------+------+
|Module Name  | DSP Mapping | A Size | B Size | C Size | D Size | P Size | AREG | BREG | CREG | DREG | ADREG | MREG | PREG | 
+-------------+-------------+--------+--------+--------+--------+--------+------+------+------+------+-------+------+------+
|top_level    | A*B         | 30     | 18     | -      | -      | 22     | 0    | 0    | -    | -    | -     | 0    | 0    | 
|top_level    | A*B         | 30     | 18     | -      | -      | 24     | 0    | 0    | -    | -    | -     | 0    | 0    | 
|top_level    | A*B         | 30     | 18     | -      | -      | 22     | 0    | 0    | -    | -    | -     | 0    | 0    | 
|top_level    | A*B         | 30     | 18     | -      | -      | 24     | 0    | 0    | -    | -    | -     | 0    | 0    | 
|path_checker | D-A*B       | 30     | 18     | -      | 25     | 22     | 0    | 0    | -    | 0    | 0     | 0    | 0    | 
|path_checker | PCIN+D-A*B  | 30     | 18     | -      | 25     | 23     | 0    | 0    | -    | 0    | 0     | 0    | 0    | 
|rgb_to_ycrcb | (A'*B)'     | 8      | 9      | -      | -      | 19     | 1    | 0    | -    | -    | -     | 0    | 1    | 
|rgb_to_ycrcb | (A'*B)'     | 8      | 7      | -      | -      | 17     | 1    | 0    | -    | -    | -     | 0    | 1    | 
|rgb_to_ycrcb | (A'*B)'     | 8      | 8      | -      | -      | 18     | 1    | 0    | -    | -    | -     | 0    | 1    | 
|rgb_to_ycrcb | (A'*B)'     | 8      | 9      | -      | -      | 19     | 1    | 0    | -    | -    | -     | 0    | 1    | 
+-------------+-------------+--------+--------+--------+--------+--------+------+------+------+------+-------+------+------+


Report BlackBoxes: 
+-+--------------+----------+
| |BlackBox name |Instances |
+-+--------------+----------+
+-+--------------+----------+

Report Cell Usage: 
+------+-----------+------+
|      |Cell       |Count |
+------+-----------+------+
|1     |BUFG       |     8|
|2     |CARRY4     |   248|
|3     |DSP48E1    |    10|
|6     |LUT1       |    67|
|7     |LUT2       |   771|
|8     |LUT3       |  2420|
|9     |LUT4       |   670|
|10    |LUT5       |   795|
|11    |LUT6       |  2178|
|12    |MMCME2_ADV |     1|
|13    |MUXF7      |   755|
|14    |MUXF8      |   372|
|15    |OSERDESE2  |     6|
|17    |PLLE2_ADV  |     1|
|18    |RAMB18E1   |     1|
|19    |RAMB36E1   |     3|
|22    |SRL16E     |    22|
|23    |FDRE       |  4428|
|24    |FDSE       |    46|
|25    |IBUF       |    15|
|26    |IOBUF      |     2|
|27    |OBUF       |    45|
|28    |OBUFDS     |     4|
+------+-----------+------+
---------------------------------------------------------------------------------
Finished Writing Synthesis Report : Time (s): cpu = 00:00:51 ; elapsed = 00:00:52 . Memory (MB): peak = 2701.102 ; gain = 1026.672 ; free physical = 26381 ; free virtual = 37002
---------------------------------------------------------------------------------
Synthesis finished with 0 errors, 4 critical warnings and 99 warnings.
Synthesis Optimization Runtime : Time (s): cpu = 00:00:50 ; elapsed = 00:00:51 . Memory (MB): peak = 2701.102 ; gain = 904.898 ; free physical = 26381 ; free virtual = 37002
Synthesis Optimization Complete : Time (s): cpu = 00:00:51 ; elapsed = 00:00:52 . Memory (MB): peak = 2701.109 ; gain = 1026.672 ; free physical = 26381 ; free virtual = 37002
INFO: [Project 1-571] Translating synthesized netlist
Netlist sorting complete. Time (s): cpu = 00:00:00.04 ; elapsed = 00:00:00.05 . Memory (MB): peak = 2701.109 ; gain = 0.000 ; free physical = 26538 ; free virtual = 37159
INFO: [Netlist 29-17] Analyzing 1397 Unisim elements for replacement
INFO: [Netlist 29-28] Unisim Transformation completed in 0 CPU seconds
INFO: [Project 1-570] Preparing netlist for logic optimization
WARNING: [Opt 31-32] Removing redundant IBUF since it is not being driven by a top-level port. wizard_hdmi/clkin1_ibufg 
Resolution: The tool has removed redundant IBUF. To resolve this warning, check for redundant IBUF in the input design.
Parsing XDC File [/home/fpga/worker_place/temp/temp/d9120e6c13ac49d4be62ac73d2a15bac/xdc/top_level.xdc]
Finished Parsing XDC File [/home/fpga/worker_place/temp/temp/d9120e6c13ac49d4be62ac73d2a15bac/xdc/top_level.xdc]
INFO: [Opt 31-138] Pushed 0 inverter(s) to 0 load pin(s).
Netlist sorting complete. Time (s): cpu = 00:00:00 ; elapsed = 00:00:00 . Memory (MB): peak = 2738.988 ; gain = 0.000 ; free physical = 26526 ; free virtual = 37147
INFO: [Project 1-111] Unisim Transformation Summary:
  A total of 6 instances were transformed.
  IOBUF => IOBUF (IBUF, OBUFT): 2 instances
  OBUFDS => OBUFDS: 4 instances

Synth Design complete | Checksum: 26e92800
INFO: [Common 17-83] Releasing license: Synthesis
182 Infos, 242 Warnings, 7 Critical Warnings and 0 Errors encountered.
synth_design completed successfully
synth_design: Time (s): cpu = 00:00:56 ; elapsed = 00:00:56 . Memory (MB): peak = 2739.023 ; gain = 1217.781 ; free physical = 26526 ; free virtual = 37147
INFO: [Common 17-2834] synth_design peak Physical Memory [PSS] (MB): overall = 2222.682; main = 2165.335; forked = 334.125
INFO: [Common 17-2834] synth_design peak Virtual Memory [VSS] (MB): overall = 3555.199; main = 2738.992; forked = 963.844
# report_timing_summary -file $outputDir/post_synth_timing_summary.rpt
INFO: [Timing 38-35] Done setting XDC timing constraints.
INFO: [Timing 38-2] Deriving generated clocks
INFO: [Timing 38-91] UpdateTimingParams: Speed grade: -1, Delay Type: min_max.
INFO: [Timing 38-191] Multithreading enabled for timing update using a maximum of 4 CPUs
# report_utilization -file $outputDir/post_synth_util.rpt -hierarchical -hierarchical_depth 4 -hierarchical_min_primitive_count 0
# report_timing -file $outputDir/post_synth_timing.rpt
INFO: [Timing 38-91] UpdateTimingParams: Speed grade: -1, Delay Type: max.
INFO: [Timing 38-191] Multithreading enabled for timing update using a maximum of 4 CPUs
INFO: [Timing 38-78] ReportTimingParams: -max_paths 1 -nworst 1 -delay_type max -sort_by slack.
# opt_design
Command: opt_design
Attempting to get a license for feature 'Implementation' and/or device 'xc7s50'
INFO: [Common 17-349] Got license for feature 'Implementation' and/or device 'xc7s50'
Running DRC as a precondition to command opt_design

Starting DRC Task
INFO: [DRC 23-27] Running DRC with 4 threads
INFO: [Project 1-461] DRC finished with 0 Errors
INFO: [Project 1-462] Please refer to the DRC report (report_drc) for more information.

Time (s): cpu = 00:00:01 ; elapsed = 00:00:00.47 . Memory (MB): peak = 2806.551 ; gain = 51.562 ; free physical = 26463 ; free virtual = 37084

Starting Cache Timing Information Task
Ending Cache Timing Information Task | Checksum: 1ca304cb8

Time (s): cpu = 00:00:00 ; elapsed = 00:00:00 . Memory (MB): peak = 2806.551 ; gain = 0.000 ; free physical = 26463 ; free virtual = 37084

Starting Logic Optimization Task

Phase 1 Initialization

Phase 1.1 Core Generation And Design Setup
Phase 1.1 Core Generation And Design Setup | Checksum: 1ca304cb8

Time (s): cpu = 00:00:00.01 ; elapsed = 00:00:00.01 . Memory (MB): peak = 3038.520 ; gain = 0.000 ; free physical = 26194 ; free virtual = 36815

Phase 1.2 Setup Constraints And Sort Netlist
Phase 1.2 Setup Constraints And Sort Netlist | Checksum: 1ca304cb8

Time (s): cpu = 00:00:00.01 ; elapsed = 00:00:00.01 . Memory (MB): peak = 3038.520 ; gain = 0.000 ; free physical = 26194 ; free virtual = 36815
Phase 1 Initialization | Checksum: 1ca304cb8

Time (s): cpu = 00:00:00.01 ; elapsed = 00:00:00.01 . Memory (MB): peak = 3038.520 ; gain = 0.000 ; free physical = 26194 ; free virtual = 36815

Phase 2 Timer Update And Timing Data Collection

Phase 2.1 Timer Update
Phase 2.1 Timer Update | Checksum: 1ca304cb8

Time (s): cpu = 00:00:00.19 ; elapsed = 00:00:00.08 . Memory (MB): peak = 3038.520 ; gain = 0.000 ; free physical = 26194 ; free virtual = 36815

Phase 2.2 Timing Data Collection
Phase 2.2 Timing Data Collection | Checksum: 1ca304cb8

Time (s): cpu = 00:00:00.19 ; elapsed = 00:00:00.09 . Memory (MB): peak = 3038.520 ; gain = 0.000 ; free physical = 26194 ; free virtual = 36815
Phase 2 Timer Update And Timing Data Collection | Checksum: 1ca304cb8

Time (s): cpu = 00:00:00.19 ; elapsed = 00:00:00.09 . Memory (MB): peak = 3038.520 ; gain = 0.000 ; free physical = 26194 ; free virtual = 36815

Phase 3 Retarget
INFO: [Opt 31-1851] Number of loadless carry chains removed were: 0
INFO: [Opt 31-1834] Total Chains To Be Transformed Were: 0 AND Number of Transformed insts Created are: 0
INFO: [Opt 31-1566] Pulled 1 inverters resulting in an inversion of 2 pins
INFO: [Opt 31-138] Pushed 0 inverter(s) to 0 load pin(s).
INFO: [Opt 31-49] Retargeted 0 cell(s).
Phase 3 Retarget | Checksum: 263849953

Time (s): cpu = 00:00:00.29 ; elapsed = 00:00:00.16 . Memory (MB): peak = 3038.520 ; gain = 0.000 ; free physical = 26194 ; free virtual = 36815
Retarget | Checksum: 263849953
INFO: [Opt 31-389] Phase Retarget created 8 cells and removed 9 cells
INFO: [Opt 31-1021] In phase Retarget, 1 netlist objects are constrained preventing optimization. Please run opt_design with -debug_log to get more detail. 

Phase 4 Constant propagation
INFO: [Opt 31-138] Pushed 0 inverter(s) to 0 load pin(s).
Phase 4 Constant propagation | Checksum: 2a1e8c998

Time (s): cpu = 00:00:00.33 ; elapsed = 00:00:00.2 . Memory (MB): peak = 3038.520 ; gain = 0.000 ; free physical = 26194 ; free virtual = 36815
Constant propagation | Checksum: 2a1e8c998
INFO: [Opt 31-389] Phase Constant propagation created 0 cells and removed 0 cells

Phase 5 Sweep
INFO: [Constraints 18-11670] Building netlist checker database with flags, 0x8
Done building netlist checker database: Time (s): cpu = 00:00:00 ; elapsed = 00:00:00 . Memory (MB): peak = 3038.520 ; gain = 0.000 ; free physical = 26194 ; free virtual = 36815
INFO: [Constraints 18-11670] Building netlist checker database with flags, 0x8
Done building netlist checker database: Time (s): cpu = 00:00:00 ; elapsed = 00:00:00 . Memory (MB): peak = 3038.520 ; gain = 0.000 ; free physical = 26194 ; free virtual = 36815
Phase 5 Sweep | Checksum: 2e0edf3d0

Time (s): cpu = 00:00:00.38 ; elapsed = 00:00:00.25 . Memory (MB): peak = 3038.520 ; gain = 0.000 ; free physical = 26194 ; free virtual = 36815
Sweep | Checksum: 2e0edf3d0
INFO: [Opt 31-389] Phase Sweep created 3 cells and removed 1 cells

Phase 6 BUFG optimization
Phase 6 BUFG optimization | Checksum: 2e0edf3d0

Time (s): cpu = 00:00:00.45 ; elapsed = 00:00:00.29 . Memory (MB): peak = 3070.535 ; gain = 32.016 ; free physical = 26194 ; free virtual = 36815
BUFG optimization | Checksum: 2e0edf3d0
INFO: [Opt 31-662] Phase BUFG optimization created 0 cells of which 0 are BUFGs and removed 0 cells.

Phase 7 Shift Register Optimization
INFO: [Opt 31-1064] SRL Remap converted 0 SRLs to 0 registers and converted 0 registers of register chains to 0 SRLs
Phase 7 Shift Register Optimization | Checksum: 2e0edf3d0

Time (s): cpu = 00:00:00.46 ; elapsed = 00:00:00.3 . Memory (MB): peak = 3070.535 ; gain = 32.016 ; free physical = 26194 ; free virtual = 36815
Shift Register Optimization | Checksum: 2e0edf3d0
INFO: [Opt 31-389] Phase Shift Register Optimization created 0 cells and removed 0 cells

Phase 8 Post Processing Netlist
Phase 8 Post Processing Netlist | Checksum: 2e0edf3d0

Time (s): cpu = 00:00:00.47 ; elapsed = 00:00:00.31 . Memory (MB): peak = 3070.535 ; gain = 32.016 ; free physical = 26194 ; free virtual = 36815
Post Processing Netlist | Checksum: 2e0edf3d0
INFO: [Opt 31-389] Phase Post Processing Netlist created 0 cells and removed 0 cells

Phase 9 Finalization

Phase 9.1 Finalizing Design Cores and Updating Shapes
Phase 9.1 Finalizing Design Cores and Updating Shapes | Checksum: 2a8a15d99

Time (s): cpu = 00:00:00.57 ; elapsed = 00:00:00.38 . Memory (MB): peak = 3070.535 ; gain = 32.016 ; free physical = 26193 ; free virtual = 36814

Phase 9.2 Verifying Netlist Connectivity

Starting Connectivity Check Task

Time (s): cpu = 00:00:00.01 ; elapsed = 00:00:00.01 . Memory (MB): peak = 3070.535 ; gain = 0.000 ; free physical = 26193 ; free virtual = 36814
Phase 9.2 Verifying Netlist Connectivity | Checksum: 2a8a15d99

Time (s): cpu = 00:00:00.58 ; elapsed = 00:00:00.39 . Memory (MB): peak = 3070.535 ; gain = 32.016 ; free physical = 26193 ; free virtual = 36814
Phase 9 Finalization | Checksum: 2a8a15d99

Time (s): cpu = 00:00:00.58 ; elapsed = 00:00:00.39 . Memory (MB): peak = 3070.535 ; gain = 32.016 ; free physical = 26193 ; free virtual = 36814
Opt_design Change Summary
=========================


-------------------------------------------------------------------------------------------------------------------------
|  Phase                        |  #Cells created  |  #Cells Removed  |  #Constrained objects preventing optimizations  |
-------------------------------------------------------------------------------------------------------------------------
|  Retarget                     |               8  |               9  |                                              1  |
|  Constant propagation         |               0  |               0  |                                              0  |
|  Sweep                        |               3  |               1  |                                              0  |
|  BUFG optimization            |               0  |               0  |                                              0  |
|  Shift Register Optimization  |               0  |               0  |                                              0  |
|  Post Processing Netlist      |               0  |               0  |                                              0  |
-------------------------------------------------------------------------------------------------------------------------


Ending Logic Optimization Task | Checksum: 2a8a15d99

Time (s): cpu = 00:00:00.58 ; elapsed = 00:00:00.39 . Memory (MB): peak = 3070.535 ; gain = 32.016 ; free physical = 26193 ; free virtual = 36814

Starting Power Optimization Task
INFO: [Pwropt 34-132] Skipping clock gating for clocks with a period < 2.00 ns.
INFO: [Pwropt 34-9] Applying IDT optimizations ...
INFO: [Pwropt 34-10] Applying ODC optimizations ...
INFO: [Timing 38-35] Done setting XDC timing constraints.
Running Vector-less Activity Propagation...

Finished Running Vector-less Activity Propagation


Starting PowerOpt Patch Enables Task
INFO: [Pwropt 34-162] WRITE_MODE attribute of 0 BRAM(s) out of a total of 4 has been updated to save power. Run report_power_opt to get a complete listing of the BRAMs updated.
INFO: [Pwropt 34-201] Structural ODC has moved 0 WE to EN ports
Number of BRAM Ports augmented: 1 newly gated: 5 Total Ports: 8
Number of Flops added for Enable Generation: 2

Ending PowerOpt Patch Enables Task | Checksum: 2e4fc1893

Time (s): cpu = 00:00:00.04 ; elapsed = 00:00:00.03 . Memory (MB): peak = 3213.664 ; gain = 0.000 ; free physical = 26155 ; free virtual = 36776
Ending Power Optimization Task | Checksum: 2e4fc1893

Time (s): cpu = 00:00:02 ; elapsed = 00:00:00.76 . Memory (MB): peak = 3213.664 ; gain = 143.129 ; free physical = 26155 ; free virtual = 36776

Starting Final Cleanup Task

Starting Logic Optimization Task
INFO: [Timing 38-35] Done setting XDC timing constraints.
Ending Logic Optimization Task | Checksum: 29b696e24

Time (s): cpu = 00:00:00.56 ; elapsed = 00:00:00.3 . Memory (MB): peak = 3213.664 ; gain = 0.000 ; free physical = 26154 ; free virtual = 36775
Ending Final Cleanup Task | Checksum: 29b696e24

Time (s): cpu = 00:00:02 ; elapsed = 00:00:02 . Memory (MB): peak = 3213.664 ; gain = 0.000 ; free physical = 26154 ; free virtual = 36775

Starting Netlist Obfuscation Task
Netlist sorting complete. Time (s): cpu = 00:00:00 ; elapsed = 00:00:00 . Memory (MB): peak = 3213.664 ; gain = 0.000 ; free physical = 26154 ; free virtual = 36775
Ending Netlist Obfuscation Task | Checksum: 29b696e24

Time (s): cpu = 00:00:00 ; elapsed = 00:00:00 . Memory (MB): peak = 3213.664 ; gain = 0.000 ; free physical = 26154 ; free virtual = 36775
INFO: [Common 17-83] Releasing license: Implementation
28 Infos, 0 Warnings, 0 Critical Warnings and 0 Errors encountered.
opt_design completed successfully
# place_design
Command: place_design
Attempting to get a license for feature 'Implementation' and/or device 'xc7s50'
INFO: [Common 17-349] Got license for feature 'Implementation' and/or device 'xc7s50'
INFO: [Common 17-83] Releasing license: Implementation
INFO: [DRC 23-27] Running DRC with 4 threads
INFO: [Vivado_Tcl 4-198] DRC finished with 0 Errors
INFO: [Vivado_Tcl 4-199] Please refer to the DRC report (report_drc) for more information.
Running DRC as a precondition to command place_design
INFO: [DRC 23-27] Running DRC with 4 threads
INFO: [Vivado_Tcl 4-198] DRC finished with 0 Errors
INFO: [Vivado_Tcl 4-199] Please refer to the DRC report (report_drc) for more information.
INFO: [Place 30-611] Multithreading enabled for place_design using a maximum of 4 CPUs

Starting Placer Task

Phase 1 Placer Initialization

Phase 1.1 Placer Initialization Netlist Sorting
Netlist sorting complete. Time (s): cpu = 00:00:00 ; elapsed = 00:00:00 . Memory (MB): peak = 3213.664 ; gain = 0.000 ; free physical = 26154 ; free virtual = 36775
Phase 1.1 Placer Initialization Netlist Sorting | Checksum: 2113e3dcb

Time (s): cpu = 00:00:00.01 ; elapsed = 00:00:00 . Memory (MB): peak = 3213.664 ; gain = 0.000 ; free physical = 26154 ; free virtual = 36775
Netlist sorting complete. Time (s): cpu = 00:00:00 ; elapsed = 00:00:00.01 . Memory (MB): peak = 3213.664 ; gain = 0.000 ; free physical = 26154 ; free virtual = 36775

Phase 1.2 IO Placement/ Clock Placement/ Build Placer Device
INFO: [Timing 38-35] Done setting XDC timing constraints.
Phase 1.2 IO Placement/ Clock Placement/ Build Placer Device | Checksum: 183529f09

Time (s): cpu = 00:00:00.83 ; elapsed = 00:00:00.35 . Memory (MB): peak = 3213.664 ; gain = 0.000 ; free physical = 26154 ; free virtual = 36775

Phase 1.3 Build Placer Netlist Model
Phase 1.3 Build Placer Netlist Model | Checksum: 1ed9ef224

Time (s): cpu = 00:00:02 ; elapsed = 00:00:00.9 . Memory (MB): peak = 3213.664 ; gain = 0.000 ; free physical = 26146 ; free virtual = 36767

Phase 1.4 Constrain Clocks/Macros
Phase 1.4 Constrain Clocks/Macros | Checksum: 1ed9ef224

Time (s): cpu = 00:00:02 ; elapsed = 00:00:00.9 . Memory (MB): peak = 3213.664 ; gain = 0.000 ; free physical = 26146 ; free virtual = 36767
Phase 1 Placer Initialization | Checksum: 1ed9ef224

Time (s): cpu = 00:00:02 ; elapsed = 00:00:00.92 . Memory (MB): peak = 3213.664 ; gain = 0.000 ; free physical = 26146 ; free virtual = 36767

Phase 2 Global Placement

Phase 2.1 Floorplanning
Phase 2.1 Floorplanning | Checksum: 24be6ba11

Time (s): cpu = 00:00:02 ; elapsed = 00:00:01 . Memory (MB): peak = 3213.664 ; gain = 0.000 ; free physical = 26145 ; free virtual = 36766

Phase 2.2 Update Timing before SLR Path Opt
Phase 2.2 Update Timing before SLR Path Opt | Checksum: 1e56705fa

Time (s): cpu = 00:00:03 ; elapsed = 00:00:01 . Memory (MB): peak = 3213.664 ; gain = 0.000 ; free physical = 26145 ; free virtual = 36766

Phase 2.3 Post-Processing in Floorplanning
Phase 2.3 Post-Processing in Floorplanning | Checksum: 1e56705fa

Time (s): cpu = 00:00:03 ; elapsed = 00:00:01 . Memory (MB): peak = 3213.664 ; gain = 0.000 ; free physical = 26145 ; free virtual = 36766

Phase 2.4 Global Place Phase1
Phase 2.4 Global Place Phase1 | Checksum: 2f7a25763

Time (s): cpu = 00:00:08 ; elapsed = 00:00:03 . Memory (MB): peak = 3213.664 ; gain = 0.000 ; free physical = 26147 ; free virtual = 36768

Phase 2.5 Global Place Phase2

Phase 2.5.1 UpdateTiming Before Physical Synthesis
Phase 2.5.1 UpdateTiming Before Physical Synthesis | Checksum: 29d2d8d8b

Time (s): cpu = 00:00:08 ; elapsed = 00:00:03 . Memory (MB): peak = 3213.664 ; gain = 0.000 ; free physical = 26147 ; free virtual = 36768

Phase 2.5.2 Physical Synthesis In Placer
INFO: [Physopt 32-1035] Found 16 LUTNM shape to break, 62 LUT instances to create LUTNM shape
INFO: [Physopt 32-1044] Break lutnm for timing: one critical 3, two critical 13, total 16, new lutff created 5
INFO: [Physopt 32-1138] End 1 Pass. Optimized 42 nets or LUTs. Breaked 16 LUTs, combined 26 existing LUTs and moved 0 existing LUT
INFO: [Physopt 32-65] No nets found for high-fanout optimization.
INFO: [Physopt 32-232] Optimized 0 net. Created 0 new instance.
INFO: [Physopt 32-775] End 1 Pass. Optimized 0 net or cell. Created 0 new cell, deleted 0 existing cell and moved 0 existing cell
INFO: [Physopt 32-456] No candidate cells for DSP register optimization found in the design.
INFO: [Physopt 32-775] End 2 Pass. Optimized 0 net or cell. Created 0 new cell, deleted 0 existing cell and moved 0 existing cell
INFO: [Physopt 32-1123] No candidate cells found for Shift Register to Pipeline optimization
INFO: [Physopt 32-775] End 2 Pass. Optimized 0 net or cell. Created 0 new cell, deleted 0 existing cell and moved 0 existing cell
INFO: [Physopt 32-1401] No candidate cells found for Shift Register optimization.
INFO: [Physopt 32-677] No candidate cells for Shift Register optimization found in the design
INFO: [Physopt 32-775] End 1 Pass. Optimized 0 net or cell. Created 0 new cell, deleted 0 existing cell and moved 0 existing cell
INFO: [Physopt 32-526] No candidate cells for BRAM register optimization found in the design
INFO: [Physopt 32-775] End 1 Pass. Optimized 0 net or cell. Created 0 new cell, deleted 0 existing cell and moved 0 existing cell
INFO: [Physopt 32-846] No candidate cells for URAM register optimization found in the design
INFO: [Physopt 32-775] End 1 Pass. Optimized 0 net or cell. Created 0 new cell, deleted 0 existing cell and moved 0 existing cell
INFO: [Physopt 32-846] No candidate cells for URAM register optimization found in the design
INFO: [Physopt 32-775] End 1 Pass. Optimized 0 net or cell. Created 0 new cell, deleted 0 existing cell and moved 0 existing cell
INFO: [Physopt 32-949] No candidate nets found for dynamic/static region interface net replication
INFO: [Physopt 32-775] End 1 Pass. Optimized 0 net or cell. Created 0 new cell, deleted 0 existing cell and moved 0 existing cell
Netlist sorting complete. Time (s): cpu = 00:00:00.01 ; elapsed = 00:00:00 . Memory (MB): peak = 3213.664 ; gain = 0.000 ; free physical = 26147 ; free virtual = 36768

Summary of Physical Synthesis Optimizations
============================================


-----------------------------------------------------------------------------------------------------------------------------------------------------------
|  Optimization                                     |  Added Cells  |  Removed Cells  |  Optimized Cells/Nets  |  Dont Touch  |  Iterations  |  Elapsed   |
-----------------------------------------------------------------------------------------------------------------------------------------------------------
|  LUT Combining                                    |           16  |             26  |                    42  |           0  |           1  |  00:00:00  |
|  Retime                                           |            0  |              0  |                     0  |           0  |           1  |  00:00:00  |
|  Very High Fanout                                 |            0  |              0  |                     0  |           0  |           1  |  00:00:00  |
|  DSP Register                                     |            0  |              0  |                     0  |           0  |           1  |  00:00:00  |
|  Shift Register to Pipeline                       |            0  |              0  |                     0  |           0  |           1  |  00:00:00  |
|  Shift Register                                   |            0  |              0  |                     0  |           0  |           1  |  00:00:00  |
|  BRAM Register                                    |            0  |              0  |                     0  |           0  |           1  |  00:00:00  |
|  URAM Register                                    |            0  |              0  |                     0  |           0  |           1  |  00:00:00  |
|  Dynamic/Static Region Interface Net Replication  |            0  |              0  |                     0  |           0  |           1  |  00:00:00  |
|  Total                                            |           16  |             26  |                    42  |           0  |           9  |  00:00:00  |
-----------------------------------------------------------------------------------------------------------------------------------------------------------


Phase 2.5.2 Physical Synthesis In Placer | Checksum: 26bb64a24

Time (s): cpu = 00:00:09 ; elapsed = 00:00:04 . Memory (MB): peak = 3213.664 ; gain = 0.000 ; free physical = 26147 ; free virtual = 36768
Phase 2.5 Global Place Phase2 | Checksum: 2237b05d2

Time (s): cpu = 00:00:09 ; elapsed = 00:00:04 . Memory (MB): peak = 3213.664 ; gain = 0.000 ; free physical = 26147 ; free virtual = 36768
Phase 2 Global Placement | Checksum: 2237b05d2

Time (s): cpu = 00:00:09 ; elapsed = 00:00:04 . Memory (MB): peak = 3213.664 ; gain = 0.000 ; free physical = 26147 ; free virtual = 36768

Phase 3 Detail Placement

Phase 3.1 Commit Multi Column Macros
Phase 3.1 Commit Multi Column Macros | Checksum: 24ed0b3c6

Time (s): cpu = 00:00:09 ; elapsed = 00:00:04 . Memory (MB): peak = 3213.664 ; gain = 0.000 ; free physical = 26147 ; free virtual = 36768

Phase 3.2 Commit Most Macros & LUTRAMs
Phase 3.2 Commit Most Macros & LUTRAMs | Checksum: 24be4a024

Time (s): cpu = 00:00:10 ; elapsed = 00:00:04 . Memory (MB): peak = 3213.664 ; gain = 0.000 ; free physical = 26147 ; free virtual = 36768

Phase 3.3 Area Swap Optimization
Phase 3.3 Area Swap Optimization | Checksum: 1d99c513c

Time (s): cpu = 00:00:10 ; elapsed = 00:00:04 . Memory (MB): peak = 3213.664 ; gain = 0.000 ; free physical = 26147 ; free virtual = 36768

Phase 3.4 Pipeline Register Optimization
Phase 3.4 Pipeline Register Optimization | Checksum: 1c93bf3d2

Time (s): cpu = 00:00:10 ; elapsed = 00:00:04 . Memory (MB): peak = 3213.664 ; gain = 0.000 ; free physical = 26147 ; free virtual = 36768

Phase 3.5 Fast Optimization
Phase 3.5 Fast Optimization | Checksum: 23e3cddc3

Time (s): cpu = 00:00:11 ; elapsed = 00:00:05 . Memory (MB): peak = 3213.664 ; gain = 0.000 ; free physical = 26171 ; free virtual = 36792

Phase 3.6 Small Shape Detail Placement
Phase 3.6 Small Shape Detail Placement | Checksum: 1fbd619f5

Time (s): cpu = 00:00:12 ; elapsed = 00:00:06 . Memory (MB): peak = 3213.664 ; gain = 0.000 ; free physical = 26172 ; free virtual = 36793

Phase 3.7 Re-assign LUT pins
Phase 3.7 Re-assign LUT pins | Checksum: 1a520d23f

Time (s): cpu = 00:00:13 ; elapsed = 00:00:06 . Memory (MB): peak = 3213.664 ; gain = 0.000 ; free physical = 26172 ; free virtual = 36793

Phase 3.8 Pipeline Register Optimization
Phase 3.8 Pipeline Register Optimization | Checksum: 19d7eb2cc

Time (s): cpu = 00:00:13 ; elapsed = 00:00:06 . Memory (MB): peak = 3213.664 ; gain = 0.000 ; free physical = 26172 ; free virtual = 36793

Phase 3.9 Fast Optimization
Phase 3.9 Fast Optimization | Checksum: 21cd2a452

Time (s): cpu = 00:00:15 ; elapsed = 00:00:07 . Memory (MB): peak = 3213.664 ; gain = 0.000 ; free physical = 26176 ; free virtual = 36797
Phase 3 Detail Placement | Checksum: 21cd2a452

Time (s): cpu = 00:00:15 ; elapsed = 00:00:07 . Memory (MB): peak = 3213.664 ; gain = 0.000 ; free physical = 26176 ; free virtual = 36797

Phase 4 Post Placement Optimization and Clean-Up

Phase 4.1 Post Commit Optimization
INFO: [Timing 38-35] Done setting XDC timing constraints.

Phase 4.1.1 Post Placement Optimization
Post Placement Optimization Initialization | Checksum: 201e005a6

Phase 4.1.1.1 BUFG Insertion

Starting Physical Synthesis Task

Phase 1 Physical Synthesis Initialization
INFO: [Physopt 32-721] Multithreading enabled for phys_opt_design using a maximum of 4 CPUs
INFO: [Physopt 32-619] Estimated Timing Summary | WNS=-4.254 | TNS=-187.660 |
Phase 1 Physical Synthesis Initialization | Checksum: 188ea538b

Time (s): cpu = 00:00:00.14 ; elapsed = 00:00:00.05 . Memory (MB): peak = 3213.664 ; gain = 0.000 ; free physical = 26176 ; free virtual = 36797
INFO: [Place 46-33] Processed net path_left/grid_reg[0]0, BUFG insertion was skipped due to placement/routing conflicts.
INFO: [Place 46-33] Processed net path_right/grid_reg[0]0, BUFG insertion was skipped due to placement/routing conflicts.
INFO: [Place 46-56] BUFG insertion identified 2 candidate nets. Inserted BUFG: 0, Replicated BUFG Driver: 0, Skipped due to Placement/Routing Conflicts: 2, Skipped due to Timing Degradation: 0, Skipped due to netlist editing failed: 0.
Ending Physical Synthesis Task | Checksum: 21b798023

Time (s): cpu = 00:00:00.3 ; elapsed = 00:00:00.16 . Memory (MB): peak = 3213.664 ; gain = 0.000 ; free physical = 26176 ; free virtual = 36797
Phase 4.1.1.1 BUFG Insertion | Checksum: 201e005a6

Time (s): cpu = 00:00:16 ; elapsed = 00:00:08 . Memory (MB): peak = 3213.664 ; gain = 0.000 ; free physical = 26176 ; free virtual = 36797

Phase 4.1.1.2 Post Placement Timing Optimization
INFO: [Place 30-746] Post Placement Timing Summary WNS=-3.406. For the most accurate timing information please run report_timing.
Phase 4.1.1.2 Post Placement Timing Optimization | Checksum: 1f4d847bc

Time (s): cpu = 00:00:24 ; elapsed = 00:00:15 . Memory (MB): peak = 3213.664 ; gain = 0.000 ; free physical = 26180 ; free virtual = 36801

Time (s): cpu = 00:00:24 ; elapsed = 00:00:15 . Memory (MB): peak = 3213.664 ; gain = 0.000 ; free physical = 26180 ; free virtual = 36801
Phase 4.1 Post Commit Optimization | Checksum: 1f4d847bc

Time (s): cpu = 00:00:24 ; elapsed = 00:00:15 . Memory (MB): peak = 3213.664 ; gain = 0.000 ; free physical = 26180 ; free virtual = 36801

Phase 4.2 Post Placement Cleanup
Phase 4.2 Post Placement Cleanup | Checksum: 1f4d847bc

Time (s): cpu = 00:00:24 ; elapsed = 00:00:15 . Memory (MB): peak = 3213.664 ; gain = 0.000 ; free physical = 26180 ; free virtual = 36801

Phase 4.3 Placer Reporting

Phase 4.3.1 Print Estimated Congestion
INFO: [Place 30-612] Post-Placement Estimated Congestion 
 ____________________________________________________
|           | Global Congestion | Short Congestion  |
| Direction | Region Size       | Region Size       |
|___________|___________________|___________________|
|      North|                1x1|                1x1|
|___________|___________________|___________________|
|      South|                1x1|                1x1|
|___________|___________________|___________________|
|       East|                1x1|                1x1|
|___________|___________________|___________________|
|       West|                1x1|                1x1|
|___________|___________________|___________________|

Phase 4.3.1 Print Estimated Congestion | Checksum: 1f4d847bc

Time (s): cpu = 00:00:24 ; elapsed = 00:00:15 . Memory (MB): peak = 3213.664 ; gain = 0.000 ; free physical = 26180 ; free virtual = 36801
Phase 4.3 Placer Reporting | Checksum: 1f4d847bc

Time (s): cpu = 00:00:24 ; elapsed = 00:00:15 . Memory (MB): peak = 3213.664 ; gain = 0.000 ; free physical = 26180 ; free virtual = 36801

Phase 4.4 Final Placement Cleanup
Netlist sorting complete. Time (s): cpu = 00:00:00 ; elapsed = 00:00:00.01 . Memory (MB): peak = 3213.664 ; gain = 0.000 ; free physical = 26180 ; free virtual = 36801

Time (s): cpu = 00:00:24 ; elapsed = 00:00:15 . Memory (MB): peak = 3213.664 ; gain = 0.000 ; free physical = 26180 ; free virtual = 36801
Phase 4 Post Placement Optimization and Clean-Up | Checksum: 20a8d4a7e

Time (s): cpu = 00:00:24 ; elapsed = 00:00:15 . Memory (MB): peak = 3213.664 ; gain = 0.000 ; free physical = 26180 ; free virtual = 36801
Ending Placer Task | Checksum: 159645819

Time (s): cpu = 00:00:24 ; elapsed = 00:00:15 . Memory (MB): peak = 3213.664 ; gain = 0.000 ; free physical = 26180 ; free virtual = 36801
39 Infos, 0 Warnings, 0 Critical Warnings and 0 Errors encountered.
place_design completed successfully
place_design: Time (s): cpu = 00:00:26 ; elapsed = 00:00:16 . Memory (MB): peak = 3213.664 ; gain = 0.000 ; free physical = 26180 ; free virtual = 36801
# report_clock_utilization -file $outputDir/clock_util.rpt
# if {[get_property SLACK [get_timing_paths -max_paths 1 -nworst 1 -setup]] < 0} {
#  puts "Found setup timing violations => running physical optimization"
#  phys_opt_design
# }
Found setup timing violations => running physical optimization
Command: phys_opt_design
Attempting to get a license for feature 'Implementation' and/or device 'xc7s50'
INFO: [Common 17-349] Got license for feature 'Implementation' and/or device 'xc7s50'
INFO: [Vivado_Tcl 4-1435] PhysOpt_Tcl_Interface Runtime Before Starting Physical Synthesis Task | CPU: 0.05s |  WALL: 0.06s
Netlist sorting complete. Time (s): cpu = 00:00:00.01 ; elapsed = 00:00:00 . Memory (MB): peak = 3213.664 ; gain = 0.000 ; free physical = 26185 ; free virtual = 36806

Starting Physical Synthesis Task

Phase 1 Physical Synthesis Initialization
INFO: [Physopt 32-721] Multithreading enabled for phys_opt_design using a maximum of 4 CPUs
INFO: [Physopt 32-619] Estimated Timing Summary | WNS=-3.406 | TNS=-143.298 |
Phase 1 Physical Synthesis Initialization | Checksum: 164cb9696

Time (s): cpu = 00:00:01 ; elapsed = 00:00:00.43 . Memory (MB): peak = 3213.664 ; gain = 0.000 ; free physical = 26185 ; free virtual = 36806
INFO: [Physopt 32-619] Estimated Timing Summary | WNS=-3.406 | TNS=-143.298 |

Phase 2 DSP Register Optimization
INFO: [Physopt 32-456] No candidate cells for DSP register optimization found in the design.
INFO: [Physopt 32-775] End 2 Pass. Optimized 0 net or cell. Created 0 new cell, deleted 0 existing cell and moved 0 existing cell
Phase 2 DSP Register Optimization | Checksum: 164cb9696

Time (s): cpu = 00:00:01 ; elapsed = 00:00:00.47 . Memory (MB): peak = 3213.664 ; gain = 0.000 ; free physical = 26185 ; free virtual = 36806

Phase 3 Critical Path Optimization
INFO: [Physopt 32-619] Estimated Timing Summary | WNS=-3.406 | TNS=-143.298 |
INFO: [Physopt 32-702] Processed net checker_inst/p2_ok_reg_reg_n_0. Optimizations did not improve timing on the net.
INFO: [Physopt 32-702] Processed net wizard_hdmi/clk_pixel_cw_hdmi. Optimizations did not improve timing on the net.
INFO: [Physopt 32-710] Processed net checker_inst/p2_ok_reg_i_1_n_0. Critical path length was reduced through logic transformation on cell checker_inst/p2_ok_reg_i_1_comp.
INFO: [Physopt 32-735] Processed net checker_inst/hit_tile. Optimization improves timing on the net.
INFO: [Physopt 32-619] Estimated Timing Summary | WNS=-3.402 | TNS=-143.226 |
INFO: [Physopt 32-702] Processed net checker_inst/p1_ok_reg_reg_n_0. Optimizations did not improve timing on the net.
INFO: [Physopt 32-710] Processed net checker_inst/p1_ok_reg_i_1_n_0. Critical path length was reduced through logic transformation on cell checker_inst/p1_ok_reg_i_1_comp.
INFO: [Physopt 32-735] Processed net checker_inst/hit_tile. Optimization improves timing on the net.
INFO: [Physopt 32-619] Estimated Timing Summary | WNS=-3.398 | TNS=-143.222 |
INFO: [Physopt 32-663] Processed net checker_inst/p1_ok_reg_i_4_n_0.  Re-placed instance checker_inst/p1_ok_reg_i_4
INFO: [Physopt 32-735] Processed net checker_inst/p1_ok_reg_i_4_n_0. Optimization improves timing on the net.
INFO: [Physopt 32-619] Estimated Timing Summary | WNS=-3.019 | TNS=-142.464 |
INFO: [Physopt 32-710] Processed net checker_inst/p1_ok_reg_i_1_n_0. Critical path length was reduced through logic transformation on cell checker_inst/p1_ok_reg_i_1_comp_1.
INFO: [Physopt 32-735] Processed net checker_inst/p1_ok_reg_i_4_n_0. Optimization improves timing on the net.
INFO: [Physopt 32-619] Estimated Timing Summary | WNS=-2.952 | TNS=-141.788 |
INFO: [Physopt 32-710] Processed net checker_inst/p2_ok_reg_i_1_n_0. Critical path length was reduced through logic transformation on cell checker_inst/p2_ok_reg_i_1_comp_1.
INFO: [Physopt 32-735] Processed net checker_inst/p1_ok_reg_i_4_n_0. Optimization improves timing on the net.
INFO: [Physopt 32-619] Estimated Timing Summary | WNS=-2.946 | TNS=-141.167 |
INFO: [Physopt 32-702] Processed net tmds_red/Q[3]. Optimizations did not improve timing on the net.
INFO: [Physopt 32-608] Optimized 1 net.  Swapped 12 pins.
INFO: [Physopt 32-735] Processed net vsg/tally[5]_i_6_n_0. Optimization improves timing on the net.
INFO: [Physopt 32-619] Estimated Timing Summary | WNS=-2.943 | TNS=-141.027 |
INFO: [Physopt 32-702] Processed net tmds_green/Q[4]. Optimizations did not improve timing on the net.
INFO: [Physopt 32-663] Processed net vsg/tally[5]_i_3__0_n_0.  Re-placed instance vsg/tally[5]_i_3__0
INFO: [Physopt 32-735] Processed net vsg/tally[5]_i_3__0_n_0. Optimization improves timing on the net.
INFO: [Physopt 32-619] Estimated Timing Summary | WNS=-2.856 | TNS=-140.687 |
INFO: [Physopt 32-702] Processed net tmds_blue/Q[3]. Optimizations did not improve timing on the net.
INFO: [Physopt 32-702] Processed net vsg/tally[5]_i_7__1_n_0. Optimizations did not improve timing on the net.
INFO: [Physopt 32-702] Processed net vsg/tmds_blue/top_tmds_bit. Optimizations did not improve timing on the net.
INFO: [Physopt 32-702] Processed net vsg/tmds_blue/mtm/x_nor. Optimizations did not improve timing on the net.
INFO: [Physopt 32-710] Processed net vsg/tmds_blue/mtm/x_nor. Critical path length was reduced through logic transformation on cell vsg/tally[2]_i_5__1_comp.
INFO: [Physopt 32-735] Processed net vsg/blue[7]. Optimization improves timing on the net.
INFO: [Physopt 32-619] Estimated Timing Summary | WNS=-2.856 | TNS=-139.327 |
INFO: [Physopt 32-702] Processed net vsg/tally[5]_i_5__1_n_0. Optimizations did not improve timing on the net.
INFO: [Physopt 32-81] Processed net vsg/tally[5]_i_9__1_n_0. Replicated 1 times.
INFO: [Physopt 32-735] Processed net vsg/tally[5]_i_9__1_n_0. Optimization improves timing on the net.
INFO: [Physopt 32-619] Estimated Timing Summary | WNS=-2.855 | TNS=-139.345 |
INFO: [Physopt 32-702] Processed net tmds_red/Q[4]. Optimizations did not improve timing on the net.
INFO: [Physopt 32-608] Optimized 1 net.  Swapped 12 pins.
INFO: [Physopt 32-735] Processed net vsg/tally[5]_i_4__0_n_0. Optimization improves timing on the net.
INFO: [Physopt 32-619] Estimated Timing Summary | WNS=-2.849 | TNS=-139.159 |
INFO: [Physopt 32-710] Processed net vsg/tally[5]_i_5__1_n_0. Critical path length was reduced through logic transformation on cell vsg/tally[5]_i_5__1_comp.
INFO: [Physopt 32-735] Processed net vsg/tally[5]_i_9__1_n_0. Optimization improves timing on the net.
INFO: [Physopt 32-619] Estimated Timing Summary | WNS=-2.816 | TNS=-139.128 |
INFO: [Physopt 32-702] Processed net vsg/tally[2]_i_7__0_n_0. Optimizations did not improve timing on the net.
INFO: [Physopt 32-710] Processed net vsg/tally[2]_i_7__0_n_0. Critical path length was reduced through logic transformation on cell vsg/tally[2]_i_7__0_comp.
INFO: [Physopt 32-735] Processed net vsg/blue[4]. Optimization improves timing on the net.
INFO: [Physopt 32-619] Estimated Timing Summary | WNS=-2.808 | TNS=-139.027 |
INFO: [Physopt 32-702] Processed net vsg/tally[5]_i_6_n_0. Optimizations did not improve timing on the net.
INFO: [Physopt 32-608] Optimized 1 net.  Swapped 15 pins.
INFO: [Physopt 32-735] Processed net vsg/tally[2]_i_2_n_0. Optimization improves timing on the net.
INFO: [Physopt 32-619] Estimated Timing Summary | WNS=-2.800 | TNS=-138.677 |
INFO: [Physopt 32-702] Processed net vsg/tally[2]_i_8_n_0. Optimizations did not improve timing on the net.
INFO: [Physopt 32-710] Processed net vsg/tally[2]_i_8_n_0. Critical path length was reduced through logic transformation on cell vsg/tally[2]_i_8_comp.
INFO: [Physopt 32-735] Processed net vsg/blue[4]. Optimization improves timing on the net.
INFO: [Physopt 32-619] Estimated Timing Summary | WNS=-2.795 | TNS=-138.667 |
INFO: [Physopt 32-663] Processed net vsg/tally[2]_i_9_n_0.  Re-placed instance vsg/tally[2]_i_9
INFO: [Physopt 32-735] Processed net vsg/tally[2]_i_9_n_0. Optimization improves timing on the net.
INFO: [Physopt 32-619] Estimated Timing Summary | WNS=-2.783 | TNS=-138.463 |
INFO: [Physopt 32-702] Processed net vsg/tally[2]_i_2_n_0. Optimizations did not improve timing on the net.
INFO: [Physopt 32-608] Optimized 1 net.  Swapped 17 pins.
INFO: [Physopt 32-735] Processed net vsg/tally[2]_i_5_n_0. Optimization improves timing on the net.
INFO: [Physopt 32-619] Estimated Timing Summary | WNS=-2.778 | TNS=-138.388 |
INFO: [Physopt 32-710] Processed net vsg/tally[2]_i_7__0_n_0. Critical path length was reduced through logic transformation on cell vsg/tally[2]_i_7__0_comp_1.
INFO: [Physopt 32-735] Processed net vsg/blue[7]. Optimization improves timing on the net.
INFO: [Physopt 32-619] Estimated Timing Summary | WNS=-2.778 | TNS=-138.264 |
INFO: [Physopt 32-81] Processed net vsg/tally[2]_i_5_n_0. Replicated 1 times.
INFO: [Physopt 32-735] Processed net vsg/tally[2]_i_5_n_0. Optimization improves timing on the net.
INFO: [Physopt 32-619] Estimated Timing Summary | WNS=-2.768 | TNS=-138.099 |
INFO: [Physopt 32-710] Processed net vsg/tally[2]_i_8_n_0. Critical path length was reduced through logic transformation on cell vsg/tally[2]_i_8_comp_1.
INFO: [Physopt 32-735] Processed net vsg/blue[7]. Optimization improves timing on the net.
INFO: [Physopt 32-619] Estimated Timing Summary | WNS=-2.766 | TNS=-137.822 |
INFO: [Physopt 32-702] Processed net vsg/tally[2]_i_5_n_0. Optimizations did not improve timing on the net.
INFO: [Physopt 32-710] Processed net vsg/tally[2]_i_5_n_0. Critical path length was reduced through logic transformation on cell vsg/tally[2]_i_5_comp.
INFO: [Physopt 32-735] Processed net vsg/red[2]. Optimization improves timing on the net.
INFO: [Physopt 32-619] Estimated Timing Summary | WNS=-2.759 | TNS=-137.485 |
INFO: [Physopt 32-710] Processed net vsg/tally[2]_i_8_n_0. Critical path length was reduced through logic transformation on cell vsg/tally[2]_i_8_comp.
INFO: [Physopt 32-735] Processed net vsg/blue[3]. Optimization improves timing on the net.
INFO: [Physopt 32-619] Estimated Timing Summary | WNS=-2.755 | TNS=-137.485 |
INFO: [Physopt 32-710] Processed net vsg/tally[2]_i_7__0_n_0. Critical path length was reduced through logic transformation on cell vsg/tally[2]_i_7__0_comp.
INFO: [Physopt 32-735] Processed net vsg/blue[3]. Optimization improves timing on the net.
INFO: [Physopt 32-619] Estimated Timing Summary | WNS=-2.743 | TNS=-136.950 |
INFO: [Physopt 32-702] Processed net vsg/tally[2]_i_6_n_0. Optimizations did not improve timing on the net.
INFO: [Physopt 32-710] Processed net vsg/tally[2]_i_6_n_0. Critical path length was reduced through logic transformation on cell vsg/tally[2]_i_6_comp.
INFO: [Physopt 32-735] Processed net vsg/red[4]. Optimization improves timing on the net.
INFO: [Physopt 32-619] Estimated Timing Summary | WNS=-2.733 | TNS=-136.841 |
INFO: [Physopt 32-702] Processed net vsg/tmds_blue/tally3[3]. Optimizations did not improve timing on the net.
INFO: [Physopt 32-601] Processed net vsg/tally[2]_i_9_n_0. Net driver vsg/tally[2]_i_9 was replaced.
INFO: [Physopt 32-735] Processed net vsg/tally[2]_i_9_n_0. Optimization improves timing on the net.
INFO: [Physopt 32-619] Estimated Timing Summary | WNS=-2.732 | TNS=-136.738 |
INFO: [Physopt 32-702] Processed net vsg/red[7]. Optimizations did not improve timing on the net.
INFO: [Physopt 32-710] Processed net vsg/red[7]. Critical path length was reduced through logic transformation on cell vsg/tmds[6]_i_2__0_comp.
INFO: [Physopt 32-735] Processed net vsg/player1_pix. Optimization improves timing on the net.
INFO: [Physopt 32-619] Estimated Timing Summary | WNS=-2.712 | TNS=-136.394 |
INFO: [Physopt 32-702] Processed net vsg/tally[2]_i_9_n_0. Optimizations did not improve timing on the net.
INFO: [Physopt 32-710] Processed net vsg/tally[2]_i_9_n_0. Critical path length was reduced through logic transformation on cell vsg/tally[2]_i_9_comp.
INFO: [Physopt 32-735] Processed net vsg/blue[7]. Optimization improves timing on the net.
INFO: [Physopt 32-619] Estimated Timing Summary | WNS=-2.706 | TNS=-136.323 |
INFO: [Physopt 32-81] Processed net vsg/red[3]. Replicated 1 times.
INFO: [Physopt 32-735] Processed net vsg/red[3]. Optimization improves timing on the net.
INFO: [Physopt 32-619] Estimated Timing Summary | WNS=-2.699 | TNS=-136.326 |
INFO: [Physopt 32-702] Processed net vsg/red[3]. Optimizations did not improve timing on the net.
INFO: [Physopt 32-710] Processed net vsg/red[3]. Critical path length was reduced through logic transformation on cell vsg/tmds[4]_i_2_comp.
INFO: [Physopt 32-735] Processed net vsg/player1_pix. Optimization improves timing on the net.
INFO: [Physopt 32-619] Estimated Timing Summary | WNS=-2.690 | TNS=-132.856 |
INFO: [Physopt 32-702] Processed net vsg/player2_pix. Optimizations did not improve timing on the net.
INFO: [Physopt 32-134] Processed net tmds_green/red4__0_0. Rewiring did not optimize the net.
INFO: [Physopt 32-702] Processed net tmds_green/red4__0_0. Optimizations did not improve timing on the net.
INFO: [Physopt 32-710] Processed net tmds_green/red4__0_0. Critical path length was reduced through logic transformation on cell tmds_green/tmds[0]_i_4_comp.
INFO: [Physopt 32-735] Processed net tmds_green/tmds[0]_i_13_n_0. Optimization improves timing on the net.
INFO: [Physopt 32-619] Estimated Timing Summary | WNS=-2.674 | TNS=-132.190 |
INFO: [Physopt 32-702] Processed net vsg/red[4]_repN. Optimizations did not improve timing on the net.
INFO: [Physopt 32-710] Processed net vsg/red[4]_repN. Critical path length was reduced through logic transformation on cell vsg/tmds[7]_i_2__0_comp_1.
INFO: [Physopt 32-735] Processed net vsg/player1_pix. Optimization improves timing on the net.
INFO: [Physopt 32-619] Estimated Timing Summary | WNS=-2.672 | TNS=-132.066 |
INFO: [Physopt 32-702] Processed net tmds_green/tmds[0]_i_17_n_0. Optimizations did not improve timing on the net.
INFO: [Physopt 32-702] Processed net tmds_green/dist2_2[17]. Optimizations did not improve timing on the net.
INFO: [Physopt 32-702] Processed net tmds_green/tmds_reg[0]_i_15_n_0. Optimizations did not improve timing on the net.
INFO: [Physopt 32-702] Processed net tmds_green/tmds_reg[0]_i_14_n_0. Optimizations did not improve timing on the net.
INFO: [Physopt 32-702] Processed net tmds_green/tmds_reg[0]_i_18_n_0. Optimizations did not improve timing on the net.
INFO: [Physopt 32-702] Processed net tmds_green/tmds_reg[0]_i_47_n_0. Optimizations did not improve timing on the net.
INFO: [Physopt 32-702] Processed net tmds_green/tmds[0]_i_79_n_0. Optimizations did not improve timing on the net.
INFO: [Physopt 32-702] Processed net vsg/tally_reg[2][3]. Optimizations did not improve timing on the net.
INFO: [Physopt 32-702] Processed net vsg/h_count_reg[10]_0[11]. Optimizations did not improve timing on the net.
INFO: [Physopt 32-702] Processed net vsg/red4__0_i_5_n_0. Optimizations did not improve timing on the net.
INFO: [Physopt 32-608] Optimized 1 net.  Swapped 21 pins.
INFO: [Physopt 32-735] Processed net vsg/red4__0_i_22_n_0. Optimization improves timing on the net.
INFO: [Physopt 32-619] Estimated Timing Summary | WNS=-2.645 | TNS=-129.511 |
INFO: [Physopt 32-710] Processed net vsg/tally[2]_i_9_n_0. Critical path length was reduced through logic transformation on cell vsg/tally[2]_i_9_comp_1.
INFO: [Physopt 32-735] Processed net vsg/blue[3]. Optimization improves timing on the net.
INFO: [Physopt 32-619] Estimated Timing Summary | WNS=-2.630 | TNS=-129.459 |
INFO: [Physopt 32-702] Processed net vsg/red4__0_i_24_n_0. Optimizations did not improve timing on the net.
INFO: [Physopt 32-710] Processed net vsg/red4__0_i_24_n_0. Critical path length was reduced through logic transformation on cell vsg/red4__0_i_24_comp.
INFO: [Physopt 32-735] Processed net vsg/red4__0_i_32_n_0. Optimization improves timing on the net.
INFO: [Physopt 32-619] Estimated Timing Summary | WNS=-2.594 | TNS=-128.465 |
INFO: [Physopt 32-702] Processed net vsg/A[10]. Optimizations did not improve timing on the net.
INFO: [Physopt 32-702] Processed net vsg/red4_i_5_n_0. Optimizations did not improve timing on the net.
INFO: [Physopt 32-702] Processed net vsg/red4_i_20_n_0. Optimizations did not improve timing on the net.
INFO: [Physopt 32-663] Processed net vsg/red4_i_28_n_0.  Re-placed instance vsg/red4_i_28
INFO: [Physopt 32-735] Processed net vsg/red4_i_28_n_0. Optimization improves timing on the net.
INFO: [Physopt 32-619] Estimated Timing Summary | WNS=-2.586 | TNS=-128.241 |
INFO: [Physopt 32-702] Processed net vsg/red4_i_22_n_0. Optimizations did not improve timing on the net.
INFO: [Physopt 32-663] Processed net vsg/red4_i_29_n_0.  Re-placed instance vsg/red4_i_29
INFO: [Physopt 32-735] Processed net vsg/red4_i_29_n_0. Optimization improves timing on the net.
INFO: [Physopt 32-619] Estimated Timing Summary | WNS=-2.548 | TNS=-127.576 |
INFO: [Physopt 32-134] Processed net vsg/red4__0_i_32_n_0. Rewiring did not optimize the net.
INFO: [Physopt 32-702] Processed net vsg/red4__0_i_32_n_0. Optimizations did not improve timing on the net.
INFO: [Physopt 32-702] Processed net red4__0_n_105. Optimizations did not improve timing on the net.
INFO: [Physopt 32-663] Processed net x_com2[0].  Re-placed instance x_com2_reg[0]
INFO: [Physopt 32-735] Processed net x_com2[0]. Optimization improves timing on the net.
INFO: [Physopt 32-619] Estimated Timing Summary | WNS=-2.545 | TNS=-127.281 |
INFO: [Physopt 32-663] Processed net x_com2[1].  Re-placed instance x_com2_reg[1]
INFO: [Physopt 32-735] Processed net x_com2[1]. Optimization improves timing on the net.
INFO: [Physopt 32-619] Estimated Timing Summary | WNS=-2.545 | TNS=-127.067 |
INFO: [Physopt 32-663] Processed net vsg/red[2]_repN.  Re-placed instance vsg/tmds[7]_i_3__0_comp
INFO: [Physopt 32-735] Processed net vsg/red[2]_repN. Optimization improves timing on the net.
INFO: [Physopt 32-619] Estimated Timing Summary | WNS=-2.538 | TNS=-126.962 |
INFO: [Physopt 32-702] Processed net vsg/red[2]_repN. Optimizations did not improve timing on the net.
INFO: [Physopt 32-134] Processed net tmds_blue/red4__2_0. Rewiring did not optimize the net.
INFO: [Physopt 32-702] Processed net tmds_blue/red4__2_0. Optimizations did not improve timing on the net.
INFO: [Physopt 32-710] Processed net tmds_blue/red4__2_0. Critical path length was reduced through logic transformation on cell tmds_blue/tmds[0]_i_2_comp.
INFO: [Physopt 32-735] Processed net tmds_blue/tmds[0]_i_9_n_0. Optimization improves timing on the net.
INFO: [Physopt 32-619] Estimated Timing Summary | WNS=-2.523 | TNS=-124.958 |
INFO: [Physopt 32-702] Processed net vsg/red4__0_i_19_n_0. Optimizations did not improve timing on the net.
INFO: [Physopt 32-710] Processed net vsg/red4__0_i_19_n_0. Critical path length was reduced through logic transformation on cell vsg/red4__0_i_19_comp.
INFO: [Physopt 32-735] Processed net vsg/red4__0_i_31_n_0. Optimization improves timing on the net.
INFO: [Physopt 32-619] Estimated Timing Summary | WNS=-2.520 | TNS=-124.874 |
INFO: [Physopt 32-702] Processed net vsg/red4__0_i_22_n_0. Optimizations did not improve timing on the net.
INFO: [Physopt 32-134] Processed net vsg/red4__0_i_30_n_0. Rewiring did not optimize the net.
INFO: [Physopt 32-702] Processed net vsg/red4__0_i_30_n_0. Optimizations did not improve timing on the net.
INFO: [Physopt 32-702] Processed net x_com2[1]. Optimizations did not improve timing on the net.
INFO: [Physopt 32-702] Processed net cdc_fifo/gnuram_async_fifo.xpm_fifo_base_inst/gen_cdc_pntr.rd_pntr_cdc_inst/dest_graysync_ff[0][1]. Optimizations did not improve timing on the net.
INFO: [Physopt 32-663] Processed net cdc_fifo/gnuram_async_fifo.xpm_fifo_base_inst/gen_cdc_pntr.rd_pntr_cdc_inst/async_path[1].  Re-placed instance cdc_fifo/gnuram_async_fifo.xpm_fifo_base_inst/gen_cdc_pntr.rd_pntr_cdc_inst/src_gray_ff_reg[1]
INFO: [Physopt 32-735] Processed net cdc_fifo/gnuram_async_fifo.xpm_fifo_base_inst/gen_cdc_pntr.rd_pntr_cdc_inst/async_path[1]. Optimization improves timing on the net.
INFO: [Physopt 32-619] Estimated Timing Summary | WNS=-2.520 | TNS=-124.684 |
INFO: [Physopt 32-702] Processed net cdc_fifo/gnuram_async_fifo.xpm_fifo_base_inst/gen_cdc_pntr.rd_pntr_cdc_dc_inst/dest_graysync_ff[0][3]. Optimizations did not improve timing on the net.
INFO: [Physopt 32-663] Processed net cdc_fifo/gnuram_async_fifo.xpm_fifo_base_inst/gen_cdc_pntr.rd_pntr_cdc_dc_inst/async_path[3].  Re-placed instance cdc_fifo/gnuram_async_fifo.xpm_fifo_base_inst/gen_cdc_pntr.rd_pntr_cdc_dc_inst/src_gray_ff_reg[3]
INFO: [Physopt 32-735] Processed net cdc_fifo/gnuram_async_fifo.xpm_fifo_base_inst/gen_cdc_pntr.rd_pntr_cdc_dc_inst/async_path[3]. Optimization improves timing on the net.
INFO: [Physopt 32-619] Estimated Timing Summary | WNS=-2.520 | TNS=-124.549 |
INFO: [Physopt 32-702] Processed net cdc_fifo/gnuram_async_fifo.xpm_fifo_base_inst/gen_cdc_pntr.rd_pntr_cdc_inst/dest_graysync_ff[0][5]. Optimizations did not improve timing on the net.
INFO: [Physopt 32-663] Processed net cdc_fifo/gnuram_async_fifo.xpm_fifo_base_inst/gen_cdc_pntr.rd_pntr_cdc_inst/async_path[5].  Re-placed instance cdc_fifo/gnuram_async_fifo.xpm_fifo_base_inst/gen_cdc_pntr.rd_pntr_cdc_inst/src_gray_ff_reg[5]
INFO: [Physopt 32-735] Processed net cdc_fifo/gnuram_async_fifo.xpm_fifo_base_inst/gen_cdc_pntr.rd_pntr_cdc_inst/async_path[5]. Optimization improves timing on the net.
INFO: [Physopt 32-619] Estimated Timing Summary | WNS=-2.520 | TNS=-124.471 |
INFO: [Physopt 32-702] Processed net cdc_fifo/gnuram_async_fifo.xpm_fifo_base_inst/gen_cdc_pntr.rd_pntr_cdc_dc_inst/dest_graysync_ff[0][4]. Optimizations did not improve timing on the net.
INFO: [Physopt 32-663] Processed net cdc_fifo/gnuram_async_fifo.xpm_fifo_base_inst/gen_cdc_pntr.rd_pntr_cdc_dc_inst/async_path[4].  Re-placed instance cdc_fifo/gnuram_async_fifo.xpm_fifo_base_inst/gen_cdc_pntr.rd_pntr_cdc_dc_inst/src_gray_ff_reg[4]
INFO: [Physopt 32-735] Processed net cdc_fifo/gnuram_async_fifo.xpm_fifo_base_inst/gen_cdc_pntr.rd_pntr_cdc_dc_inst/async_path[4]. Optimization improves timing on the net.
INFO: [Physopt 32-619] Estimated Timing Summary | WNS=-2.520 | TNS=-124.429 |
INFO: [Physopt 32-702] Processed net cdc_fifo/gnuram_async_fifo.xpm_fifo_base_inst/gen_cdc_pntr.rd_pntr_cdc_inst/dest_graysync_ff[0][3]. Optimizations did not improve timing on the net.
INFO: [Physopt 32-663] Processed net cdc_fifo/gnuram_async_fifo.xpm_fifo_base_inst/gen_cdc_pntr.rd_pntr_cdc_inst/async_path[3].  Re-placed instance cdc_fifo/gnuram_async_fifo.xpm_fifo_base_inst/gen_cdc_pntr.rd_pntr_cdc_inst/src_gray_ff_reg[3]
INFO: [Physopt 32-735] Processed net cdc_fifo/gnuram_async_fifo.xpm_fifo_base_inst/gen_cdc_pntr.rd_pntr_cdc_inst/async_path[3]. Optimization improves timing on the net.
INFO: [Physopt 32-619] Estimated Timing Summary | WNS=-2.520 | TNS=-124.388 |
INFO: [Physopt 32-702] Processed net cdc_fifo/gnuram_async_fifo.xpm_fifo_base_inst/gen_cdc_pntr.rd_pntr_cdc_dc_inst/dest_graysync_ff[0][5]. Optimizations did not improve timing on the net.
INFO: [Physopt 32-663] Processed net cdc_fifo/gnuram_async_fifo.xpm_fifo_base_inst/gen_cdc_pntr.rd_pntr_cdc_dc_inst/async_path[5].  Re-placed instance cdc_fifo/gnuram_async_fifo.xpm_fifo_base_inst/gen_cdc_pntr.rd_pntr_cdc_dc_inst/src_gray_ff_reg[5]
INFO: [Physopt 32-735] Processed net cdc_fifo/gnuram_async_fifo.xpm_fifo_base_inst/gen_cdc_pntr.rd_pntr_cdc_dc_inst/async_path[5]. Optimization improves timing on the net.
INFO: [Physopt 32-619] Estimated Timing Summary | WNS=-2.520 | TNS=-124.355 |
INFO: [Physopt 32-702] Processed net cdc_fifo/gnuram_async_fifo.xpm_fifo_base_inst/gen_cdc_pntr.rd_pntr_cdc_dc_inst/async_path[4]. Optimizations did not improve timing on the net.
INFO: [Physopt 32-702] Processed net tmds_blue/Q[3]. Optimizations did not improve timing on the net.
INFO: [Physopt 32-702] Processed net wizard_hdmi/clk_pixel_cw_hdmi. Optimizations did not improve timing on the net.
INFO: [Physopt 32-702] Processed net vsg/tally[5]_i_7__1_n_0. Optimizations did not improve timing on the net.
INFO: [Physopt 32-702] Processed net vsg/tmds_blue/top_tmds_bit. Optimizations did not improve timing on the net.
INFO: [Physopt 32-663] Processed net vsg/tally[2]_i_7__0_n_0.  Re-placed instance vsg/tally[2]_i_7__0_comp
INFO: [Physopt 32-735] Processed net vsg/tally[2]_i_7__0_n_0. Optimization improves timing on the net.
INFO: [Physopt 32-619] Estimated Timing Summary | WNS=-2.518 | TNS=-124.331 |
INFO: [Physopt 32-663] Processed net vsg/tally[2]_i_8_n_0.  Re-placed instance vsg/tally[2]_i_8_comp
INFO: [Physopt 32-735] Processed net vsg/tally[2]_i_8_n_0. Optimization improves timing on the net.
INFO: [Physopt 32-619] Estimated Timing Summary | WNS=-2.500 | TNS=-122.285 |
INFO: [Physopt 32-702] Processed net tmds_red/Q[3]. Optimizations did not improve timing on the net.
INFO: [Physopt 32-702] Processed net vsg/tally[5]_i_6_n_0. Optimizations did not improve timing on the net.
INFO: [Physopt 32-608] Optimized 1 net.  Swapped 15 pins.
INFO: [Physopt 32-735] Processed net vsg/tally[2]_i_2_n_0. Optimization improves timing on the net.
INFO: [Physopt 32-619] Estimated Timing Summary | WNS=-2.487 | TNS=-122.103 |
INFO: [Physopt 32-702] Processed net vsg/tally[2]_i_2_n_0. Optimizations did not improve timing on the net.
INFO: [Physopt 32-702] Processed net vsg/tally[5]_i_8_n_0. Optimizations did not improve timing on the net.
INFO: [Physopt 32-702] Processed net vsg/red[7]. Optimizations did not improve timing on the net.
INFO: [Physopt 32-702] Processed net vsg/player2_pix. Optimizations did not improve timing on the net.
INFO: [Physopt 32-702] Processed net tmds_green/red4__0_0. Optimizations did not improve timing on the net.
INFO: [Physopt 32-702] Processed net tmds_green/tmds[0]_i_17_n_0. Optimizations did not improve timing on the net.
INFO: [Physopt 32-702] Processed net tmds_green/dist2_2[17]. Optimizations did not improve timing on the net.
INFO: [Physopt 32-702] Processed net tmds_green/tmds[0]_i_79_n_0. Optimizations did not improve timing on the net.
INFO: [Physopt 32-608] Optimized 1 net.  Swapped 15 pins.
INFO: [Physopt 32-735] Processed net vsg/D[3]. Optimization improves timing on the net.
INFO: [Physopt 32-619] Estimated Timing Summary | WNS=-2.473 | TNS=-122.134 |
INFO: [Physopt 32-702] Processed net tmds_red/Q[4]. Optimizations did not improve timing on the net.
INFO: [Physopt 32-608] Optimized 1 net.  Swapped 23 pins.
INFO: [Physopt 32-735] Processed net vsg/tally[5]_i_5__0_n_0. Optimization improves timing on the net.
INFO: [Physopt 32-619] Estimated Timing Summary | WNS=-2.423 | TNS=-122.003 |
INFO: [Physopt 32-702] Processed net tmds_blue/Q[4]. Optimizations did not improve timing on the net.
INFO: [Physopt 32-702] Processed net vsg/tally[5]_i_3__1_n_0. Optimizations did not improve timing on the net.
INFO: [Physopt 32-663] Processed net vsg/tally[2]_i_2__0_n_0.  Re-placed instance vsg/tally[2]_i_2__0
INFO: [Physopt 32-735] Processed net vsg/tally[2]_i_2__0_n_0. Optimization improves timing on the net.
INFO: [Physopt 32-619] Estimated Timing Summary | WNS=-2.422 | TNS=-121.855 |
INFO: [Physopt 32-702] Processed net vsg/tmds_blue/tally3[3]. Optimizations did not improve timing on the net.
INFO: [Physopt 32-663] Processed net vsg/tally[2]_i_9_n_0.  Re-placed instance vsg/tally[2]_i_9_comp_1
INFO: [Physopt 32-735] Processed net vsg/tally[2]_i_9_n_0. Optimization improves timing on the net.
INFO: [Physopt 32-619] Estimated Timing Summary | WNS=-2.410 | TNS=-122.350 |
INFO: [Physopt 32-702] Processed net vsg/tally[2]_i_9_n_0. Optimizations did not improve timing on the net.
INFO: [Physopt 32-702] Processed net vsg/blue[4]. Optimizations did not improve timing on the net.
INFO: [Physopt 32-608] Optimized 1 net.  Swapped 21 pins.
INFO: [Physopt 32-735] Processed net vsg/player1_pix. Optimization improves timing on the net.
INFO: [Physopt 32-619] Estimated Timing Summary | WNS=-2.371 | TNS=-121.422 |
INFO: [Physopt 32-702] Processed net tmds_red/Q[2]. Optimizations did not improve timing on the net.
INFO: [Physopt 32-702] Processed net vsg/tally[5]_i_7__0_n_0. Optimizations did not improve timing on the net.
INFO: [Physopt 32-702] Processed net vsg/D[2]. Optimizations did not improve timing on the net.
INFO: [Physopt 32-702] Processed net vsg/h_count_reg[10]_0[11]. Optimizations did not improve timing on the net.
INFO: [Physopt 32-702] Processed net vsg/red4__0_i_22_n_0. Optimizations did not improve timing on the net.
INFO: [Physopt 32-702] Processed net vsg/red4__0_i_30_n_0. Optimizations did not improve timing on the net.
INFO: [Physopt 32-702] Processed net red4__0_n_105. Optimizations did not improve timing on the net.
INFO: [Physopt 32-702] Processed net x_com2[1]. Optimizations did not improve timing on the net.
INFO: [Physopt 32-702] Processed net cdc_fifo/gnuram_async_fifo.xpm_fifo_base_inst/gen_cdc_pntr.rd_pntr_cdc_dc_inst/dest_graysync_ff[0][4]. Optimizations did not improve timing on the net.
INFO: [Physopt 32-702] Processed net cdc_fifo/gnuram_async_fifo.xpm_fifo_base_inst/gen_cdc_pntr.rd_pntr_cdc_dc_inst/async_path[4]. Optimizations did not improve timing on the net.
INFO: [Physopt 32-619] Estimated Timing Summary | WNS=-2.371 | TNS=-121.422 |
Netlist sorting complete. Time (s): cpu = 00:00:00 ; elapsed = 00:00:00 . Memory (MB): peak = 3213.664 ; gain = 0.000 ; free physical = 26186 ; free virtual = 36807
Phase 3 Critical Path Optimization | Checksum: 1a543b1ec

Time (s): cpu = 00:00:18 ; elapsed = 00:00:07 . Memory (MB): peak = 3213.664 ; gain = 0.000 ; free physical = 26186 ; free virtual = 36807

Phase 4 Critical Path Optimization
INFO: [Physopt 32-619] Estimated Timing Summary | WNS=-2.371 | TNS=-121.422 |
INFO: [Physopt 32-702] Processed net tmds_red/Q[2]. Optimizations did not improve timing on the net.
INFO: [Physopt 32-702] Processed net wizard_hdmi/clk_pixel_cw_hdmi. Optimizations did not improve timing on the net.
INFO: [Physopt 32-702] Processed net vsg/tally[5]_i_7__0_n_0. Optimizations did not improve timing on the net.
INFO: [Physopt 32-710] Processed net vsg/tally[5]_i_7__0_n_0. Critical path length was reduced through logic transformation on cell vsg/tally[5]_i_7__0_comp.
INFO: [Physopt 32-735] Processed net vsg/tally[2]_i_2_n_0. Optimization improves timing on the net.
INFO: [Physopt 32-619] Estimated Timing Summary | WNS=-2.364 | TNS=-121.175 |
INFO: [Physopt 32-702] Processed net tmds_blue/Q[3]. Optimizations did not improve timing on the net.
INFO: [Physopt 32-702] Processed net vsg/tally[5]_i_7__1_n_0. Optimizations did not improve timing on the net.
INFO: [Physopt 32-608] Optimized 1 net.  Swapped 9 pins.
INFO: [Physopt 32-735] Processed net vsg/tally[2]_i_4__0_n_0. Optimization improves timing on the net.
INFO: [Physopt 32-619] Estimated Timing Summary | WNS=-2.347 | TNS=-120.780 |
INFO: [Physopt 32-702] Processed net tmds_red/Q[4]. Optimizations did not improve timing on the net.
INFO: [Physopt 32-702] Processed net vsg/tally[5]_i_3_n_0. Optimizations did not improve timing on the net.
INFO: [Physopt 32-702] Processed net vsg/tally[2]_i_2_n_0. Optimizations did not improve timing on the net.
INFO: [Physopt 32-702] Processed net vsg/tally[5]_i_8_n_0. Optimizations did not improve timing on the net.
INFO: [Physopt 32-710] Processed net vsg/tally[5]_i_8_n_0. Critical path length was reduced through logic transformation on cell vsg/tally[5]_i_8_comp.
INFO: [Physopt 32-735] Processed net vsg/red[7]. Optimization improves timing on the net.
INFO: [Physopt 32-619] Estimated Timing Summary | WNS=-2.343 | TNS=-120.779 |
INFO: [Physopt 32-702] Processed net vsg/tally[2]_i_5_n_0. Optimizations did not improve timing on the net.
INFO: [Physopt 32-702] Processed net vsg/red[7]. Optimizations did not improve timing on the net.
INFO: [Physopt 32-710] Processed net vsg/red[7]. Critical path length was reduced through logic transformation on cell vsg/tmds[6]_i_2__0_comp_2.
INFO: [Physopt 32-735] Processed net vsg/player2_pix. Optimization improves timing on the net.
INFO: [Physopt 32-619] Estimated Timing Summary | WNS=-2.343 | TNS=-120.590 |
INFO: [Physopt 32-702] Processed net checker_inst/p1_ok_reg_reg_n_0. Optimizations did not improve timing on the net.
INFO: [Physopt 32-710] Processed net checker_inst/p1_ok_reg_i_1_n_0. Critical path length was reduced through logic transformation on cell checker_inst/p1_ok_reg_i_1_comp.
INFO: [Physopt 32-735] Processed net checker_inst/p1_ok_reg_i_9_n_0. Optimization improves timing on the net.
INFO: [Physopt 32-619] Estimated Timing Summary | WNS=-2.340 | TNS=-120.463 |
INFO: [Physopt 32-702] Processed net vsg/tmds_blue/tally3[3]. Optimizations did not improve timing on the net.
INFO: [Physopt 32-702] Processed net vsg/tally[2]_i_9_n_0. Optimizations did not improve timing on the net.
INFO: [Physopt 32-710] Processed net vsg/tally[2]_i_9_n_0. Critical path length was reduced through logic transformation on cell vsg/tally[2]_i_9_comp.
INFO: [Physopt 32-735] Processed net vsg/blue[4]. Optimization improves timing on the net.
INFO: [Physopt 32-619] Estimated Timing Summary | WNS=-2.331 | TNS=-119.514 |
INFO: [Physopt 32-710] Processed net vsg/tally[5]_i_8_n_0. Critical path length was reduced through logic transformation on cell vsg/tally[5]_i_8_comp_1.
INFO: [Physopt 32-735] Processed net vsg/red[4]. Optimization improves timing on the net.
INFO: [Physopt 32-619] Estimated Timing Summary | WNS=-2.331 | TNS=-119.345 |
INFO: [Physopt 32-702] Processed net checker_inst/p2_ok_reg_reg_n_0. Optimizations did not improve timing on the net.
INFO: [Physopt 32-710] Processed net checker_inst/p2_ok_reg_i_1_n_0. Critical path length was reduced through logic transformation on cell checker_inst/p2_ok_reg_i_1_comp.
INFO: [Physopt 32-735] Processed net checker_inst/p1_ok_reg_i_9_n_0. Optimization improves timing on the net.
INFO: [Physopt 32-619] Estimated Timing Summary | WNS=-2.315 | TNS=-119.237 |
INFO: [Physopt 32-702] Processed net vsg/red[2]_repN. Optimizations did not improve timing on the net.
INFO: [Physopt 32-134] Processed net tmds_blue/red4__2_0. Rewiring did not optimize the net.
INFO: [Physopt 32-702] Processed net tmds_blue/red4__2_0. Optimizations did not improve timing on the net.
INFO: [Physopt 32-608] Optimized 1 net.  Swapped 20 pins.
INFO: [Physopt 32-735] Processed net tmds_blue/tmds[0]_i_6_n_0. Optimization improves timing on the net.
INFO: [Physopt 32-619] Estimated Timing Summary | WNS=-2.310 | TNS=-119.092 |
INFO: [Physopt 32-608] Optimized 1 net.  Swapped 20 pins.
INFO: [Physopt 32-735] Processed net tmds_blue/tmds[0]_i_10_n_0. Optimization improves timing on the net.
INFO: [Physopt 32-619] Estimated Timing Summary | WNS=-2.301 | TNS=-118.933 |
INFO: [Physopt 32-702] Processed net tmds_blue/tmds[0]_i_6_n_0. Optimizations did not improve timing on the net.
INFO: [Physopt 32-702] Processed net tmds_blue/dist2_1[14]. Optimizations did not improve timing on the net.
INFO: [Physopt 32-702] Processed net tmds_blue/tmds_reg[0]_i_7_n_0. Optimizations did not improve timing on the net.
INFO: [Physopt 32-702] Processed net tmds_blue/tmds_reg[0]_i_11_n_0. Optimizations did not improve timing on the net.
INFO: [Physopt 32-702] Processed net tmds_blue/tmds_reg[0]_i_31_n_0. Optimizations did not improve timing on the net.
INFO: [Physopt 32-702] Processed net tmds_blue/tmds[0]_i_64_n_0. Optimizations did not improve timing on the net.
INFO: [Physopt 32-608] Optimized 1 net.  Swapped 23 pins.
INFO: [Physopt 32-735] Processed net vsg/D[4]. Optimization improves timing on the net.
INFO: [Physopt 32-619] Estimated Timing Summary | WNS=-2.263 | TNS=-118.895 |
INFO: [Physopt 32-702] Processed net vsg/tally[5]_i_4__0_n_0. Optimizations did not improve timing on the net.
INFO: [Physopt 32-702] Processed net vsg/D[4]. Optimizations did not improve timing on the net.
INFO: [Physopt 32-702] Processed net vsg/h_count_reg[10]_2[11]. Optimizations did not improve timing on the net.
INFO: [Physopt 32-702] Processed net vsg/red4__2_i_19_n_0. Optimizations did not improve timing on the net.
INFO: [Physopt 32-710] Processed net vsg/red4__2_i_19_n_0. Critical path length was reduced through logic transformation on cell vsg/red4__2_i_19_comp.
INFO: [Physopt 32-735] Processed net vsg/red4__2_i_31_n_0. Optimization improves timing on the net.
INFO: [Physopt 32-619] Estimated Timing Summary | WNS=-2.236 | TNS=-118.385 |
INFO: [Physopt 32-608] Optimized 1 net.  Swapped 23 pins.
INFO: [Physopt 32-735] Processed net vsg/red[2]. Optimization improves timing on the net.
INFO: [Physopt 32-619] Estimated Timing Summary | WNS=-2.230 | TNS=-117.310 |
INFO: [Physopt 32-702] Processed net tmds_blue/Q[4]. Optimizations did not improve timing on the net.
INFO: [Physopt 32-702] Processed net vsg/tally[5]_i_3__1_n_0. Optimizations did not improve timing on the net.
INFO: [Physopt 32-702] Processed net vsg/tally[2]_i_2__0_n_0. Optimizations did not improve timing on the net.
INFO: [Physopt 32-710] Processed net vsg/tally[2]_i_2__0_n_0. Critical path length was reduced through logic transformation on cell vsg/tally[2]_i_2__0_comp.
INFO: [Physopt 32-735] Processed net vsg/blue[7]. Optimization improves timing on the net.
INFO: [Physopt 32-619] Estimated Timing Summary | WNS=-2.223 | TNS=-117.140 |
INFO: [Physopt 32-702] Processed net checker_inst/p1_ok_reg_i_10_n_0. Optimizations did not improve timing on the net.
INFO: [Physopt 32-710] Processed net checker_inst/p1_ok_reg_i_10_n_0. Critical path length was reduced through logic transformation on cell checker_inst/p1_ok_reg_i_10_comp.
INFO: [Physopt 32-735] Processed net checker_inst/p1_ok_reg_i_25_n_0. Optimization improves timing on the net.
INFO: [Physopt 32-619] Estimated Timing Summary | WNS=-2.222 | TNS=-117.114 |
INFO: [Physopt 32-702] Processed net vsg/v_count_reg[9]_4[10]. Optimizations did not improve timing on the net.
INFO: [Physopt 32-702] Processed net vsg/red4__1_i_5_n_0. Optimizations did not improve timing on the net.
INFO: [Physopt 32-702] Processed net vsg/red4__1_i_22_n_0. Optimizations did not improve timing on the net.
INFO: [Physopt 32-710] Processed net vsg/red4__1_i_22_n_0. Critical path length was reduced through logic transformation on cell vsg/red4__1_i_22_comp.
INFO: [Physopt 32-735] Processed net vsg/red4__1_i_29_n_0. Optimization improves timing on the net.
INFO: [Physopt 32-619] Estimated Timing Summary | WNS=-2.217 | TNS=-117.044 |
INFO: [Physopt 32-702] Processed net vsg/red4__2_i_5_n_0. Optimizations did not improve timing on the net.
INFO: [Physopt 32-702] Processed net vsg/red4__2_i_6_n_0. Optimizations did not improve timing on the net.
INFO: [Physopt 32-608] Optimized 1 net.  Swapped 19 pins.
INFO: [Physopt 32-735] Processed net vsg/red4__2_i_27_n_0. Optimization improves timing on the net.
INFO: [Physopt 32-619] Estimated Timing Summary | WNS=-2.215 | TNS=-117.016 |
INFO: [Physopt 32-608] Optimized 1 net.  Swapped 18 pins.
INFO: [Physopt 32-735] Processed net vsg/red4__2_i_25_n_0. Optimization improves timing on the net.
INFO: [Physopt 32-619] Estimated Timing Summary | WNS=-2.214 | TNS=-116.806 |
INFO: [Physopt 32-81] Processed net vsg/tmds_blue/top_tmds_bit. Replicated 1 times.
INFO: [Physopt 32-735] Processed net vsg/tmds_blue/top_tmds_bit. Optimization improves timing on the net.
INFO: [Physopt 32-619] Estimated Timing Summary | WNS=-2.210 | TNS=-116.747 |
INFO: [Physopt 32-608] Optimized 1 net.  Swapped 24 pins.
INFO: [Physopt 32-735] Processed net checker_inst/p1_ok_reg_i_25_n_0. Optimization improves timing on the net.
INFO: [Physopt 32-619] Estimated Timing Summary | WNS=-2.209 | TNS=-116.491 |
INFO: [Physopt 32-702] Processed net vsg/tmds_blue/top_tmds_bit. Optimizations did not improve timing on the net.
INFO: [Physopt 32-608] Optimized 1 net.  Swapped 24 pins.
INFO: [Physopt 32-735] Processed net vsg/tally[2]_i_8_n_0. Optimization improves timing on the net.
INFO: [Physopt 32-619] Estimated Timing Summary | WNS=-2.209 | TNS=-116.491 |
INFO: [Physopt 32-608] Optimized 1 net.  Swapped 24 pins.
INFO: [Physopt 32-735] Processed net vsg/tally[2]_i_7__0_n_0. Optimization improves timing on the net.
INFO: [Physopt 32-619] Estimated Timing Summary | WNS=-2.200 | TNS=-116.179 |
INFO: [Physopt 32-702] Processed net vsg/red4__2_i_22_n_0. Optimizations did not improve timing on the net.
INFO: [Physopt 32-663] Processed net vsg/red4__2_i_30_n_0.  Re-placed instance vsg/red4__2_i_30
INFO: [Physopt 32-735] Processed net vsg/red4__2_i_30_n_0. Optimization improves timing on the net.
INFO: [Physopt 32-619] Estimated Timing Summary | WNS=-2.183 | TNS=-115.913 |
INFO: [Physopt 32-608] Optimized 1 net.  Swapped 24 pins.
INFO: [Physopt 32-735] Processed net vsg/tally[2]_i_7__0_n_0. Optimization improves timing on the net.
INFO: [Physopt 32-619] Estimated Timing Summary | WNS=-2.181 | TNS=-115.757 |
INFO: [Physopt 32-608] Optimized 1 net.  Swapped 19 pins.
INFO: [Physopt 32-735] Processed net vsg/red4__2_i_26_n_0. Optimization improves timing on the net.
INFO: [Physopt 32-619] Estimated Timing Summary | WNS=-2.175 | TNS=-115.673 |
INFO: [Physopt 32-608] Optimized 1 net.  Swapped 24 pins.
INFO: [Physopt 32-735] Processed net vsg/red4__2_i_20_n_0. Optimization improves timing on the net.
INFO: [Physopt 32-619] Estimated Timing Summary | WNS=-2.170 | TNS=-115.435 |
INFO: [Physopt 32-702] Processed net vsg/tally[2]_i_8_n_0. Optimizations did not improve timing on the net.
INFO: [Physopt 32-702] Processed net vsg/player2_pix. Optimizations did not improve timing on the net.
INFO: [Physopt 32-134] Processed net tmds_green/red4__0_0. Rewiring did not optimize the net.
INFO: [Physopt 32-702] Processed net tmds_green/red4__0_0. Optimizations did not improve timing on the net.
INFO: [Physopt 32-702] Processed net tmds_green/tmds[0]_i_17_n_0. Optimizations did not improve timing on the net.
INFO: [Physopt 32-702] Processed net tmds_green/dist2_2[17]. Optimizations did not improve timing on the net.
INFO: [Physopt 32-702] Processed net tmds_green/tmds_reg[0]_i_15_n_0. Optimizations did not improve timing on the net.
INFO: [Physopt 32-702] Processed net tmds_green/tmds_reg[0]_i_14_n_0. Optimizations did not improve timing on the net.
INFO: [Physopt 32-702] Processed net tmds_green/tmds_reg[0]_i_18_n_0. Optimizations did not improve timing on the net.
INFO: [Physopt 32-702] Processed net tmds_green/tmds_reg[0]_i_47_n_0. Optimizations did not improve timing on the net.
INFO: [Physopt 32-702] Processed net tmds_green/tmds[0]_i_79_n_0. Optimizations did not improve timing on the net.
INFO: [Physopt 32-702] Processed net vsg/tally_reg[2][3]. Optimizations did not improve timing on the net.
INFO: [Physopt 32-702] Processed net vsg/h_count_reg[10]_0[11]. Optimizations did not improve timing on the net.
INFO: [Physopt 32-702] Processed net vsg/red4__0_i_5_n_0. Optimizations did not improve timing on the net.
INFO: [Physopt 32-702] Processed net vsg/red4__0_i_22_n_0. Optimizations did not improve timing on the net.
INFO: [Physopt 32-134] Processed net vsg/red4__0_i_30_n_0. Rewiring did not optimize the net.
INFO: [Physopt 32-702] Processed net vsg/red4__0_i_30_n_0. Optimizations did not improve timing on the net.
INFO: [Physopt 32-702] Processed net red4__0_n_105. Optimizations did not improve timing on the net.
INFO: [Physopt 32-702] Processed net x_com2[1]. Optimizations did not improve timing on the net.
INFO: [Physopt 32-702] Processed net cdc_fifo/gnuram_async_fifo.xpm_fifo_base_inst/gen_cdc_pntr.rd_pntr_cdc_dc_inst/dest_graysync_ff[0][4]. Optimizations did not improve timing on the net.
INFO: [Physopt 32-702] Processed net cdc_fifo/gnuram_async_fifo.xpm_fifo_base_inst/gen_cdc_pntr.rd_pntr_cdc_dc_inst/async_path[4]. Optimizations did not improve timing on the net.
INFO: [Physopt 32-702] Processed net tmds_blue/Q[3]. Optimizations did not improve timing on the net.
INFO: [Physopt 32-702] Processed net wizard_hdmi/clk_pixel_cw_hdmi. Optimizations did not improve timing on the net.
INFO: [Physopt 32-702] Processed net vsg/tally[5]_i_7__1_n_0. Optimizations did not improve timing on the net.
INFO: [Physopt 32-702] Processed net vsg/tmds_blue/top_tmds_bit. Optimizations did not improve timing on the net.
INFO: [Physopt 32-702] Processed net vsg/tally[2]_i_8_n_0. Optimizations did not improve timing on the net.
INFO: [Physopt 32-702] Processed net vsg/player2_pix. Optimizations did not improve timing on the net.
INFO: [Physopt 32-702] Processed net tmds_green/red4__0_0. Optimizations did not improve timing on the net.
INFO: [Physopt 32-702] Processed net tmds_green/tmds[0]_i_17_n_0. Optimizations did not improve timing on the net.
INFO: [Physopt 32-702] Processed net tmds_green/dist2_2[17]. Optimizations did not improve timing on the net.
INFO: [Physopt 32-702] Processed net tmds_green/tmds[0]_i_79_n_0. Optimizations did not improve timing on the net.
INFO: [Physopt 32-702] Processed net vsg/tally_reg[2][3]. Optimizations did not improve timing on the net.
INFO: [Physopt 32-702] Processed net vsg/h_count_reg[10]_0[11]. Optimizations did not improve timing on the net.
INFO: [Physopt 32-702] Processed net vsg/red4__0_i_22_n_0. Optimizations did not improve timing on the net.
INFO: [Physopt 32-702] Processed net vsg/red4__0_i_30_n_0. Optimizations did not improve timing on the net.
INFO: [Physopt 32-702] Processed net red4__0_n_105. Optimizations did not improve timing on the net.
INFO: [Physopt 32-702] Processed net x_com2[1]. Optimizations did not improve timing on the net.
INFO: [Physopt 32-702] Processed net cdc_fifo/gnuram_async_fifo.xpm_fifo_base_inst/gen_cdc_pntr.rd_pntr_cdc_dc_inst/dest_graysync_ff[0][4]. Optimizations did not improve timing on the net.
INFO: [Physopt 32-702] Processed net cdc_fifo/gnuram_async_fifo.xpm_fifo_base_inst/gen_cdc_pntr.rd_pntr_cdc_dc_inst/async_path[4]. Optimizations did not improve timing on the net.
INFO: [Physopt 32-619] Estimated Timing Summary | WNS=-2.170 | TNS=-115.435 |
Netlist sorting complete. Time (s): cpu = 00:00:00.01 ; elapsed = 00:00:00.01 . Memory (MB): peak = 3213.664 ; gain = 0.000 ; free physical = 26187 ; free virtual = 36809
Phase 4 Critical Path Optimization | Checksum: 1a543b1ec

Time (s): cpu = 00:00:32 ; elapsed = 00:00:12 . Memory (MB): peak = 3213.664 ; gain = 0.000 ; free physical = 26187 ; free virtual = 36809
Netlist sorting complete. Time (s): cpu = 00:00:00.01 ; elapsed = 00:00:00 . Memory (MB): peak = 3213.664 ; gain = 0.000 ; free physical = 26187 ; free virtual = 36809
INFO: [Physopt 32-603] Post Physical Optimization Timing Summary | WNS=-2.170 | TNS=-115.435 |

Summary of Physical Synthesis Optimizations
============================================


-------------------------------------------------------------------------------------------------------------------------------------------------------------
|  Optimization   |  WNS Gain (ns)  |  TNS Gain (ns)  |  Added Cells  |  Removed Cells  |  Optimized Cells/Nets  |  Dont Touch  |  Iterations  |  Elapsed   |
-------------------------------------------------------------------------------------------------------------------------------------------------------------
|  DSP Register   |          0.000  |          0.000  |            0  |              0  |                     0  |           0  |           1  |  00:00:00  |
|  Critical Path  |          1.236  |         27.863  |            4  |              0  |                    80  |           0  |           2  |  00:00:11  |
|  Total          |          1.236  |         27.863  |            4  |              0  |                    80  |           0  |           3  |  00:00:11  |
-------------------------------------------------------------------------------------------------------------------------------------------------------------


Netlist sorting complete. Time (s): cpu = 00:00:00 ; elapsed = 00:00:00.01 . Memory (MB): peak = 3213.664 ; gain = 0.000 ; free physical = 26187 ; free virtual = 36809
Ending Physical Synthesis Task | Checksum: 3614d494a

Time (s): cpu = 00:00:32 ; elapsed = 00:00:12 . Memory (MB): peak = 3213.664 ; gain = 0.000 ; free physical = 26188 ; free virtual = 36810
INFO: [Common 17-83] Releasing license: Implementation
419 Infos, 0 Warnings, 0 Critical Warnings and 0 Errors encountered.
phys_opt_design completed successfully
phys_opt_design: Time (s): cpu = 00:00:32 ; elapsed = 00:00:12 . Memory (MB): peak = 3213.664 ; gain = 0.000 ; free physical = 26188 ; free virtual = 36810
# report_utilization -file $outputDir/post_place_util_hierarchical.rpt -hierarchical -hierarchical_depth 4 -hierarchical_min_primitive_count 0
# report_utilization -file $outputDir/post_place_util.rpt
# report_timing_summary -file $outputDir/post_place_timing_summary.rpt
# report_timing -file $outputDir/post_place_timing.rpt
INFO: [Timing 38-78] ReportTimingParams: -max_paths 1 -nworst 1 -delay_type max -sort_by slack.
# route_design -directive Explore
Command: route_design -directive Explore
Attempting to get a license for feature 'Implementation' and/or device 'xc7s50'
INFO: [Common 17-349] Got license for feature 'Implementation' and/or device 'xc7s50'
INFO: [DRC 23-27] Running DRC with 4 threads
INFO: [Vivado_Tcl 4-198] DRC finished with 0 Errors
INFO: [Vivado_Tcl 4-199] Please refer to the DRC report (report_drc) for more information.


Starting Routing Task
INFO: [Route 35-270] Using Router directive 'Explore'.
INFO: [Route 35-254] Multithreading enabled for route_design using a maximum of 4 CPUs

Phase 1 Build RT Design
Checksum: PlaceDB: d83952e3 ConstDB: 0 ShapeSum: f1894b01 RouteDB: aa913336
Post Restoration Checksum: NetGraph: e10ba64e | NumContArr: 246191b2 | Constraints: c2a8fa9d | Timing: c2a8fa9d
Phase 1 Build RT Design | Checksum: 28abf2d3a

Time (s): cpu = 00:00:09 ; elapsed = 00:00:07 . Memory (MB): peak = 3213.664 ; gain = 0.000 ; free physical = 26185 ; free virtual = 36807

Phase 2 Router Initialization

Phase 2.1 Fix Topology Constraints
Phase 2.1 Fix Topology Constraints | Checksum: 28abf2d3a

Time (s): cpu = 00:00:09 ; elapsed = 00:00:07 . Memory (MB): peak = 3213.664 ; gain = 0.000 ; free physical = 26185 ; free virtual = 36807

Phase 2.2 Pre Route Cleanup
Phase 2.2 Pre Route Cleanup | Checksum: 28abf2d3a

Time (s): cpu = 00:00:09 ; elapsed = 00:00:07 . Memory (MB): peak = 3213.664 ; gain = 0.000 ; free physical = 26185 ; free virtual = 36807
 Number of Nodes with overlaps = 0

Phase 2.3 Update Timing
Phase 2.3 Update Timing | Checksum: 1da3f51a2

Time (s): cpu = 00:00:11 ; elapsed = 00:00:08 . Memory (MB): peak = 3213.664 ; gain = 0.000 ; free physical = 26186 ; free virtual = 36807
INFO: [Route 35-416] Intermediate Timing Summary | WNS=-1.990 | TNS=-105.955| WHS=-0.649 | THS=-84.338|


Phase 2.4 Soft Constraint Pins - Fast Budgeting
Phase 2.4 Soft Constraint Pins - Fast Budgeting | Checksum: 23e0b5ced

Time (s): cpu = 00:00:11 ; elapsed = 00:00:08 . Memory (MB): peak = 3213.664 ; gain = 0.000 ; free physical = 26186 ; free virtual = 36807

Router Utilization Summary
  Global Vertical Routing Utilization    = 0 %
  Global Horizontal Routing Utilization  = 0 %
  Routable Net Status*
  *Does not include unroutable nets such as driverless and loadless.
  Run report_route_status for detailed report.
  Number of Failed Nets               = 6507
    (Failed Nets is the sum of unrouted and partially routed nets)
  Number of Unrouted Nets             = 6506
  Number of Partially Routed Nets     = 1
  Number of Node Overlaps             = 0

Phase 2 Router Initialization | Checksum: 19474c7dc

Time (s): cpu = 00:00:11 ; elapsed = 00:00:08 . Memory (MB): peak = 3213.664 ; gain = 0.000 ; free physical = 26186 ; free virtual = 36807

Phase 3 Global Routing
Phase 3 Global Routing | Checksum: 19474c7dc

Time (s): cpu = 00:00:12 ; elapsed = 00:00:08 . Memory (MB): peak = 3213.664 ; gain = 0.000 ; free physical = 26186 ; free virtual = 36807

Phase 4 Initial Routing

Phase 4.1 Initial Net Routing Pass
Phase 4.1 Initial Net Routing Pass | Checksum: 1aa663ffb

Time (s): cpu = 00:00:13 ; elapsed = 00:00:09 . Memory (MB): peak = 3213.664 ; gain = 0.000 ; free physical = 26187 ; free virtual = 36808
Phase 4 Initial Routing | Checksum: 1aa663ffb

Time (s): cpu = 00:00:13 ; elapsed = 00:00:09 . Memory (MB): peak = 3213.664 ; gain = 0.000 ; free physical = 26187 ; free virtual = 36808
INFO: [Route 35-580] Design has 36 pins with tight setup and hold constraints.

The top 5 pins with tight setup and hold constraints:

+====================+====================+=============================================================================================================+
| Launch Setup Clock | Launch Hold Clock  | Pin                                                                                                         |
+====================+====================+=============================================================================================================+
| clk_camera_cw_fast | clk_camera_cw_fast | cdc_fifo/gnuram_async_fifo.xpm_fifo_base_inst/gen_cdc_pntr.wr_pntr_cdc_inst/dest_graysync_ff_reg[0][3]/D    |
| clk_camera_cw_fast | clk_camera_cw_fast | cdc_fifo/gnuram_async_fifo.xpm_fifo_base_inst/gen_cdc_pntr.wr_pntr_cdc_inst/dest_graysync_ff_reg[0][5]/D    |
| clk_camera_cw_fast | clk_camera_cw_fast | cdc_fifo/gnuram_async_fifo.xpm_fifo_base_inst/gen_cdc_pntr.wr_pntr_cdc_dc_inst/dest_graysync_ff_reg[0][6]/D |
| clk_camera_cw_fast | clk_camera_cw_fast | cdc_fifo/gnuram_async_fifo.xpm_fifo_base_inst/gen_cdc_pntr.wr_pntr_cdc_inst/dest_graysync_ff_reg[0][2]/D    |
| clk_camera_cw_fast | clk_camera_cw_fast | cdc_fifo/gnuram_async_fifo.xpm_fifo_base_inst/gen_cdc_pntr.wr_pntr_cdc_dc_inst/dest_graysync_ff_reg[0][1]/D |
+--------------------+--------------------+-------------------------------------------------------------------------------------------------------------+

File with complete list of pins: tight_setup_hold_pins.txt


Phase 5 Rip-up And Reroute

Phase 5.1 Global Iteration 0
 Number of Nodes with overlaps = 1579
 Number of Nodes with overlaps = 293
 Number of Nodes with overlaps = 122
 Number of Nodes with overlaps = 22
 Number of Nodes with overlaps = 11
 Number of Nodes with overlaps = 11
 Number of Nodes with overlaps = 1
 Number of Nodes with overlaps = 0
INFO: [Route 35-416] Intermediate Timing Summary | WNS=-3.398 | TNS=-187.530| WHS=N/A    | THS=N/A    |

Phase 5.1 Global Iteration 0 | Checksum: 1e1c8379a

Time (s): cpu = 00:00:19 ; elapsed = 00:00:13 . Memory (MB): peak = 3213.664 ; gain = 0.000 ; free physical = 26188 ; free virtual = 36809

Phase 5.2 Global Iteration 1
 Number of Nodes with overlaps = 433
 Number of Nodes with overlaps = 112
 Number of Nodes with overlaps = 23
 Number of Nodes with overlaps = 7
 Number of Nodes with overlaps = 1
 Number of Nodes with overlaps = 0
INFO: [Route 35-416] Intermediate Timing Summary | WNS=-3.384 | TNS=-182.524| WHS=N/A    | THS=N/A    |

Phase 5.2 Global Iteration 1 | Checksum: 268da214b

Time (s): cpu = 00:00:23 ; elapsed = 00:00:16 . Memory (MB): peak = 3213.664 ; gain = 0.000 ; free physical = 26188 ; free virtual = 36809

Phase 5.3 Global Iteration 2
 Number of Nodes with overlaps = 448
 Number of Nodes with overlaps = 106
 Number of Nodes with overlaps = 30
 Number of Nodes with overlaps = 5
 Number of Nodes with overlaps = 1
 Number of Nodes with overlaps = 0
INFO: [Route 35-416] Intermediate Timing Summary | WNS=-3.384 | TNS=-214.893| WHS=N/A    | THS=N/A    |

Phase 5.3 Global Iteration 2 | Checksum: 2e411134f

Time (s): cpu = 00:00:26 ; elapsed = 00:00:18 . Memory (MB): peak = 3213.664 ; gain = 0.000 ; free physical = 26188 ; free virtual = 36809
Phase 5 Rip-up And Reroute | Checksum: 2e411134f

Time (s): cpu = 00:00:26 ; elapsed = 00:00:18 . Memory (MB): peak = 3213.664 ; gain = 0.000 ; free physical = 26188 ; free virtual = 36809

Phase 6 Delay and Skew Optimization

Phase 6.1 Delay CleanUp

Phase 6.1.1 Update Timing
Phase 6.1.1 Update Timing | Checksum: 258bb86e5

Time (s): cpu = 00:00:26 ; elapsed = 00:00:18 . Memory (MB): peak = 3213.664 ; gain = 0.000 ; free physical = 26188 ; free virtual = 36809
INFO: [Route 35-416] Intermediate Timing Summary | WNS=-3.384 | TNS=-208.667| WHS=N/A    | THS=N/A    |

 Number of Nodes with overlaps = 0
Phase 6.1 Delay CleanUp | Checksum: 325c40c1e

Time (s): cpu = 00:00:27 ; elapsed = 00:00:18 . Memory (MB): peak = 3213.664 ; gain = 0.000 ; free physical = 26188 ; free virtual = 36809

Phase 6.2 Clock Skew Optimization
Phase 6.2 Clock Skew Optimization | Checksum: 325c40c1e

Time (s): cpu = 00:00:27 ; elapsed = 00:00:18 . Memory (MB): peak = 3213.664 ; gain = 0.000 ; free physical = 26188 ; free virtual = 36809
Phase 6 Delay and Skew Optimization | Checksum: 325c40c1e

Time (s): cpu = 00:00:27 ; elapsed = 00:00:18 . Memory (MB): peak = 3213.664 ; gain = 0.000 ; free physical = 26188 ; free virtual = 36809

Phase 7 Post Hold Fix

Phase 7.1 Hold Fix Iter
INFO: [Route 35-416] Intermediate Timing Summary | WNS=-3.384 | TNS=-207.458| WHS=0.035  | THS=0.000  |

Phase 7.1 Hold Fix Iter | Checksum: 31f284810

Time (s): cpu = 00:00:27 ; elapsed = 00:00:18 . Memory (MB): peak = 3213.664 ; gain = 0.000 ; free physical = 26188 ; free virtual = 36809
Phase 7 Post Hold Fix | Checksum: 31f284810

Time (s): cpu = 00:00:27 ; elapsed = 00:00:18 . Memory (MB): peak = 3213.664 ; gain = 0.000 ; free physical = 26188 ; free virtual = 36809

Phase 8 Timing Verification

Phase 8.1 Update Timing
Phase 8.1 Update Timing | Checksum: 31f284810

Time (s): cpu = 00:00:27 ; elapsed = 00:00:19 . Memory (MB): peak = 3213.664 ; gain = 0.000 ; free physical = 26188 ; free virtual = 36809
INFO: [Route 35-416] Intermediate Timing Summary | WNS=-3.384 | TNS=-207.458| WHS=0.035  | THS=0.000  |

Phase 8 Timing Verification | Checksum: 31f284810

Time (s): cpu = 00:00:27 ; elapsed = 00:00:19 . Memory (MB): peak = 3213.664 ; gain = 0.000 ; free physical = 26188 ; free virtual = 36809

Phase 9 Route finalize

Router Utilization Summary
  Global Vertical Routing Utilization    = 3.13474 %
  Global Horizontal Routing Utilization  = 3.43701 %
  Routable Net Status*
  *Does not include unroutable nets such as driverless and loadless.
  Run report_route_status for detailed report.
  Number of Failed Nets               = 0
    (Failed Nets is the sum of unrouted and partially routed nets)
  Number of Unrouted Nets             = 0
  Number of Partially Routed Nets     = 0
  Number of Node Overlaps             = 0


--GLOBAL Congestion:
Utilization threshold used for congestion level computation: 0.85
Congestion Report
North Dir 1x1 Area, Max Cong = 61.2613%, No Congested Regions.
South Dir 1x1 Area, Max Cong = 64.8649%, No Congested Regions.
East Dir 1x1 Area, Max Cong = 69.1176%, No Congested Regions.
West Dir 1x1 Area, Max Cong = 60.2941%, No Congested Regions.

------------------------------
Reporting congestion hotspots
------------------------------
Direction: North
----------------
Congested clusters found at Level 0
Effective congestion level: 0 Aspect Ratio: 1 Sparse Ratio: 0
Direction: South
----------------
Congested clusters found at Level 0
Effective congestion level: 0 Aspect Ratio: 1 Sparse Ratio: 0
Direction: East
----------------
Congested clusters found at Level 0
Effective congestion level: 0 Aspect Ratio: 1 Sparse Ratio: 0
Direction: West
----------------
Congested clusters found at Level 0
Effective congestion level: 0 Aspect Ratio: 1 Sparse Ratio: 0

Phase 9 Route finalize | Checksum: 31f284810

Time (s): cpu = 00:00:27 ; elapsed = 00:00:19 . Memory (MB): peak = 3213.664 ; gain = 0.000 ; free physical = 26188 ; free virtual = 36809

Phase 10 Verifying routed nets

 Verification completed successfully
Phase 10 Verifying routed nets | Checksum: 31f284810

Time (s): cpu = 00:00:27 ; elapsed = 00:00:19 . Memory (MB): peak = 3213.664 ; gain = 0.000 ; free physical = 26188 ; free virtual = 36809

Phase 11 Depositing Routes
Phase 11 Depositing Routes | Checksum: 2856cb9ab

Time (s): cpu = 00:00:28 ; elapsed = 00:00:19 . Memory (MB): peak = 3213.664 ; gain = 0.000 ; free physical = 26188 ; free virtual = 36809

Phase 12 Incr Placement Change
Netlist sorting complete. Time (s): cpu = 00:00:00 ; elapsed = 00:00:00.01 . Memory (MB): peak = 3213.664 ; gain = 0.000 ; free physical = 26188 ; free virtual = 36809
INFO: [Place 30-746] Post Placement Timing Summary WNS=-3.383. For the most accurate timing information please run report_timing.
Ending IncrPlace Task | Checksum: e8e1f630

Time (s): cpu = 00:00:06 ; elapsed = 00:00:05 . Memory (MB): peak = 3213.664 ; gain = 0.000 ; free physical = 26187 ; free virtual = 36809
Phase 12 Incr Placement Change | Checksum: e8e1f630

Time (s): cpu = 00:00:34 ; elapsed = 00:00:24 . Memory (MB): peak = 3213.664 ; gain = 0.000 ; free physical = 26187 ; free virtual = 36809

Phase 13 Build RT Design
Checksum: PlaceDB: 7d1a791d ConstDB: 0 ShapeSum: 229ea815 RouteDB: 4928d4fe
Post Restoration Checksum: NetGraph: 54a05256 | NumContArr: dbf7cf5c | Constraints: c2a8fa9d | Timing: c2a8fa9d
Phase 13 Build RT Design | Checksum: 2b5ea16ec

Time (s): cpu = 00:00:35 ; elapsed = 00:00:25 . Memory (MB): peak = 3213.664 ; gain = 0.000 ; free physical = 26187 ; free virtual = 36809

Phase 14 Router Initialization

Phase 14.1 Fix Topology Constraints
Phase 14.1 Fix Topology Constraints | Checksum: 2b5ea16ec

Time (s): cpu = 00:00:35 ; elapsed = 00:00:25 . Memory (MB): peak = 3213.664 ; gain = 0.000 ; free physical = 26187 ; free virtual = 36809

Phase 14.2 Pre Route Cleanup
Phase 14.2 Pre Route Cleanup | Checksum: 20ca55507

Time (s): cpu = 00:00:35 ; elapsed = 00:00:25 . Memory (MB): peak = 3213.664 ; gain = 0.000 ; free physical = 26187 ; free virtual = 36809
 Number of Nodes with overlaps = 0

Phase 14.3 Update Timing
Phase 14.3 Update Timing | Checksum: 2b775f0c9

Time (s): cpu = 00:00:37 ; elapsed = 00:00:25 . Memory (MB): peak = 3213.664 ; gain = 0.000 ; free physical = 26187 ; free virtual = 36809
INFO: [Route 35-416] Intermediate Timing Summary | WNS=-3.385 | TNS=-191.484| WHS=-0.647 | THS=-83.552|


Phase 14.4 Soft Constraint Pins - Fast Budgeting
Phase 14.4 Soft Constraint Pins - Fast Budgeting | Checksum: 2efc0ccaf

Time (s): cpu = 00:00:38 ; elapsed = 00:00:26 . Memory (MB): peak = 3213.664 ; gain = 0.000 ; free physical = 26187 ; free virtual = 36808

Router Utilization Summary
  Global Vertical Routing Utilization    = 3.11018 %
  Global Horizontal Routing Utilization  = 3.40708 %
  Routable Net Status*
  *Does not include unroutable nets such as driverless and loadless.
  Run report_route_status for detailed report.
  Number of Failed Nets               = 79
    (Failed Nets is the sum of unrouted and partially routed nets)
  Number of Unrouted Nets             = 40
  Number of Partially Routed Nets     = 39
  Number of Node Overlaps             = 0

Phase 14 Router Initialization | Checksum: 311f089f8

Time (s): cpu = 00:00:38 ; elapsed = 00:00:26 . Memory (MB): peak = 3213.664 ; gain = 0.000 ; free physical = 26187 ; free virtual = 36808

Phase 15 Global Routing
Phase 15 Global Routing | Checksum: 311f089f8

Time (s): cpu = 00:00:38 ; elapsed = 00:00:26 . Memory (MB): peak = 3213.664 ; gain = 0.000 ; free physical = 26187 ; free virtual = 36808

Phase 16 Initial Routing

Phase 16.1 Initial Net Routing Pass
Phase 16.1 Initial Net Routing Pass | Checksum: 214a13500

Time (s): cpu = 00:00:38 ; elapsed = 00:00:26 . Memory (MB): peak = 3213.664 ; gain = 0.000 ; free physical = 26187 ; free virtual = 36808
Phase 16 Initial Routing | Checksum: 214a13500

Time (s): cpu = 00:00:38 ; elapsed = 00:00:26 . Memory (MB): peak = 3213.664 ; gain = 0.000 ; free physical = 26187 ; free virtual = 36808
INFO: [Route 35-580] Design has 93 pins with tight setup and hold constraints.

The top 5 pins with tight setup and hold constraints:

+====================+====================+================================================================================================================+
| Launch Setup Clock | Launch Hold Clock  | Pin                                                                                                            |
+====================+====================+================================================================================================================+
| clk_pixel_cw_hdmi  | clk_pixel_cw_hdmi  | cdc_fifo/gnuram_async_fifo.xpm_fifo_base_inst/gen_cdc_pntr.rd_pntr_cdc_dc_inst/dest_graysync_ff_reg[0][1]/D    |
| clk_pixel_cw_hdmi  | clk_pixel_cw_hdmi  | cdc_fifo/gnuram_async_fifo.xpm_fifo_base_inst/xpm_fifo_rst_inst/gen_rst_ic.rrst_wr_inst/syncstages_ff_reg[0]/D |
| clk_camera_cw_fast | clk_camera_cw_fast | cdc_fifo/gnuram_async_fifo.xpm_fifo_base_inst/gen_cdc_pntr.wr_pntr_cdc_dc_inst/dest_graysync_ff_reg[0][2]/D    |
| clk_pixel_cw_hdmi  | clk_pixel_cw_hdmi  | cdc_fifo/gnuram_async_fifo.xpm_fifo_base_inst/gen_cdc_pntr.rd_pntr_cdc_dc_inst/dest_graysync_ff_reg[0][0]/D    |
| clk_pixel_cw_hdmi  | clk_pixel_cw_hdmi  | cdc_fifo/gnuram_async_fifo.xpm_fifo_base_inst/gen_cdc_pntr.rd_pntr_cdc_dc_inst/dest_graysync_ff_reg[0][5]/D    |
+--------------------+--------------------+----------------------------------------------------------------------------------------------------------------+

File with complete list of pins: tight_setup_hold_pins.txt


Phase 17 Rip-up And Reroute

Phase 17.1 Global Iteration 0
 Number of Nodes with overlaps = 234
 Number of Nodes with overlaps = 231
 Number of Nodes with overlaps = 132
 Number of Nodes with overlaps = 40
 Number of Nodes with overlaps = 21
 Number of Nodes with overlaps = 8
 Number of Nodes with overlaps = 2
 Number of Nodes with overlaps = 0
INFO: [Route 35-416] Intermediate Timing Summary | WNS=-3.416 | TNS=-176.181| WHS=N/A    | THS=N/A    |

Phase 17.1 Global Iteration 0 | Checksum: 27f9b5537

Time (s): cpu = 00:00:42 ; elapsed = 00:00:29 . Memory (MB): peak = 3213.664 ; gain = 0.000 ; free physical = 26187 ; free virtual = 36808

Phase 17.2 Global Iteration 1
 Number of Nodes with overlaps = 425
 Number of Nodes with overlaps = 162
 Number of Nodes with overlaps = 41
 Number of Nodes with overlaps = 8
 Number of Nodes with overlaps = 8
 Number of Nodes with overlaps = 0
INFO: [Route 35-416] Intermediate Timing Summary | WNS=-3.333 | TNS=-176.952| WHS=N/A    | THS=N/A    |

Phase 17.2 Global Iteration 1 | Checksum: 1d5df8fd7

Time (s): cpu = 00:00:46 ; elapsed = 00:00:31 . Memory (MB): peak = 3213.664 ; gain = 0.000 ; free physical = 26187 ; free virtual = 36808

Phase 17.3 Global Iteration 2
 Number of Nodes with overlaps = 467
 Number of Nodes with overlaps = 116
 Number of Nodes with overlaps = 26
 Number of Nodes with overlaps = 13
 Number of Nodes with overlaps = 8
 Number of Nodes with overlaps = 3
 Number of Nodes with overlaps = 1
 Number of Nodes with overlaps = 0
INFO: [Route 35-416] Intermediate Timing Summary | WNS=-3.597 | TNS=-188.691| WHS=N/A    | THS=N/A    |

Phase 17.3 Global Iteration 2 | Checksum: 2c911573d

Time (s): cpu = 00:00:50 ; elapsed = 00:00:34 . Memory (MB): peak = 3213.664 ; gain = 0.000 ; free physical = 26186 ; free virtual = 36808
Phase 17 Rip-up And Reroute | Checksum: 2c911573d

Time (s): cpu = 00:00:50 ; elapsed = 00:00:34 . Memory (MB): peak = 3213.664 ; gain = 0.000 ; free physical = 26186 ; free virtual = 36808

Phase 18 Delay and Skew Optimization

Phase 18.1 Delay CleanUp

Phase 18.1.1 Update Timing
Phase 18.1.1 Update Timing | Checksum: 295fbe063

Time (s): cpu = 00:00:50 ; elapsed = 00:00:34 . Memory (MB): peak = 3213.664 ; gain = 0.000 ; free physical = 26186 ; free virtual = 36808
INFO: [Route 35-416] Intermediate Timing Summary | WNS=-3.333 | TNS=-173.239| WHS=N/A    | THS=N/A    |

 Number of Nodes with overlaps = 0
Phase 18.1 Delay CleanUp | Checksum: 2e6f7060f

Time (s): cpu = 00:00:50 ; elapsed = 00:00:34 . Memory (MB): peak = 3213.664 ; gain = 0.000 ; free physical = 26186 ; free virtual = 36808

Phase 18.2 Clock Skew Optimization
Phase 18.2 Clock Skew Optimization | Checksum: 2e6f7060f

Time (s): cpu = 00:00:50 ; elapsed = 00:00:34 . Memory (MB): peak = 3213.664 ; gain = 0.000 ; free physical = 26186 ; free virtual = 36808
Phase 18 Delay and Skew Optimization | Checksum: 2e6f7060f

Time (s): cpu = 00:00:50 ; elapsed = 00:00:34 . Memory (MB): peak = 3213.664 ; gain = 0.000 ; free physical = 26186 ; free virtual = 36808

Phase 19 Post Hold Fix

Phase 19.1 Hold Fix Iter
INFO: [Route 35-416] Intermediate Timing Summary | WNS=-3.333 | TNS=-173.041| WHS=0.035  | THS=0.000  |

Phase 19.1 Hold Fix Iter | Checksum: 29546d058

Time (s): cpu = 00:00:50 ; elapsed = 00:00:34 . Memory (MB): peak = 3213.664 ; gain = 0.000 ; free physical = 26186 ; free virtual = 36808
Phase 19 Post Hold Fix | Checksum: 29546d058

Time (s): cpu = 00:00:50 ; elapsed = 00:00:34 . Memory (MB): peak = 3213.664 ; gain = 0.000 ; free physical = 26186 ; free virtual = 36808

Phase 20 Timing Verification

Phase 20.1 Update Timing
Phase 20.1 Update Timing | Checksum: 2ba28bd98

Time (s): cpu = 00:00:51 ; elapsed = 00:00:34 . Memory (MB): peak = 3213.664 ; gain = 0.000 ; free physical = 26186 ; free virtual = 36808
INFO: [Route 35-416] Intermediate Timing Summary | WNS=-3.333 | TNS=-173.041| WHS=0.035  | THS=0.000  |

Phase 20 Timing Verification | Checksum: 2ba28bd98

Time (s): cpu = 00:00:51 ; elapsed = 00:00:34 . Memory (MB): peak = 3213.664 ; gain = 0.000 ; free physical = 26186 ; free virtual = 36808

Phase 21 Route finalize

Router Utilization Summary
  Global Vertical Routing Utilization    = 3.13856 %
  Global Horizontal Routing Utilization  = 3.42907 %
  Routable Net Status*
  *Does not include unroutable nets such as driverless and loadless.
  Run report_route_status for detailed report.
  Number of Failed Nets               = 0
    (Failed Nets is the sum of unrouted and partially routed nets)
  Number of Unrouted Nets             = 0
  Number of Partially Routed Nets     = 0
  Number of Node Overlaps             = 0


--GLOBAL Congestion:
Utilization threshold used for congestion level computation: 0.85
Congestion Report
North Dir 1x1 Area, Max Cong = 61.2613%, No Congested Regions.
South Dir 1x1 Area, Max Cong = 63.964%, No Congested Regions.
East Dir 1x1 Area, Max Cong = 67.6471%, No Congested Regions.
West Dir 1x1 Area, Max Cong = 60.2941%, No Congested Regions.

------------------------------
Reporting congestion hotspots
------------------------------
Direction: North
----------------
Congested clusters found at Level 0
Effective congestion level: 0 Aspect Ratio: 1 Sparse Ratio: 0
Direction: South
----------------
Congested clusters found at Level 0
Effective congestion level: 0 Aspect Ratio: 1 Sparse Ratio: 0
Direction: East
----------------
Congested clusters found at Level 0
Effective congestion level: 0 Aspect Ratio: 1 Sparse Ratio: 0
Direction: West
----------------
Congested clusters found at Level 0
Effective congestion level: 0 Aspect Ratio: 1 Sparse Ratio: 0

Phase 21 Route finalize | Checksum: 2ba28bd98

Time (s): cpu = 00:00:51 ; elapsed = 00:00:34 . Memory (MB): peak = 3213.664 ; gain = 0.000 ; free physical = 26186 ; free virtual = 36808

Phase 22 Verifying routed nets

 Verification completed successfully
Phase 22 Verifying routed nets | Checksum: 2ba28bd98

Time (s): cpu = 00:00:51 ; elapsed = 00:00:34 . Memory (MB): peak = 3213.664 ; gain = 0.000 ; free physical = 26186 ; free virtual = 36808

Phase 23 Depositing Routes
Phase 23 Depositing Routes | Checksum: 306dcbb7f

Time (s): cpu = 00:00:51 ; elapsed = 00:00:35 . Memory (MB): peak = 3213.664 ; gain = 0.000 ; free physical = 26186 ; free virtual = 36808

Phase 24 Post Process Routing
Phase 24 Post Process Routing | Checksum: 306dcbb7f

Time (s): cpu = 00:00:51 ; elapsed = 00:00:35 . Memory (MB): peak = 3213.664 ; gain = 0.000 ; free physical = 26186 ; free virtual = 36808

Phase 25 Post Router Timing
INFO: [Route 35-20] Post Routing Timing Summary | WNS=-3.332 | TNS=-172.797| WHS=0.036  | THS=0.000  |

Phase 25 Post Router Timing | Checksum: 2f1012584

Time (s): cpu = 00:00:53 ; elapsed = 00:00:35 . Memory (MB): peak = 3213.664 ; gain = 0.000 ; free physical = 26186 ; free virtual = 36808
CRITICAL WARNING: [Route 35-39] The design did not meet timing requirements. Please run report_timing_summary for detailed reports.
Resolution: Verify that the timing was met or had small violations at all previous steps (synthesis, placement, power_opt, and phys_opt). Run report_timing_summary and analyze individual timing paths.
INFO: [Route 35-253] TNS is the sum of the worst slack violation on every endpoint in the design. Review the paths with the biggest WNS violations in the timing reports and modify your constraints or your design to improve both WNS and TNS.
Total Elapsed time in route_design: 34.98 secs

Phase 26 Post-Route Event Processing
Phase 26 Post-Route Event Processing | Checksum: f4fc61e9

Time (s): cpu = 00:00:53 ; elapsed = 00:00:35 . Memory (MB): peak = 3213.664 ; gain = 0.000 ; free physical = 26186 ; free virtual = 36808
INFO: [Route 35-16] Router Completed Successfully
Ending Routing Task | Checksum: f4fc61e9

Time (s): cpu = 00:00:53 ; elapsed = 00:00:35 . Memory (MB): peak = 3213.664 ; gain = 0.000 ; free physical = 26186 ; free virtual = 36807

Routing Is Done.
INFO: [Common 17-83] Releasing license: Implementation
27 Infos, 0 Warnings, 1 Critical Warnings and 0 Errors encountered.
route_design completed successfully
route_design: Time (s): cpu = 00:00:54 ; elapsed = 00:00:35 . Memory (MB): peak = 3213.664 ; gain = 0.000 ; free physical = 26186 ; free virtual = 36807
# report_route_status -file $outputDir/post_route_status.rpt
# report_timing_summary -file $outputDir/post_route_timing_summary.rpt
# report_timing -file $outputDir/post_route_timing.rpt
INFO: [Timing 38-78] ReportTimingParams: -max_paths 1 -nworst 1 -delay_type max -sort_by slack.
# report_power -file $outputDir/post_route_power.rpt
Command: report_power -file obj/post_route_power.rpt
Running Vector-less Activity Propagation...

Finished Running Vector-less Activity Propagation
0 Infos, 0 Warnings, 0 Critical Warnings and 0 Errors encountered.
report_power completed successfully
# report_drc -file $outputDir/post_imp_drc.rpt
Command: report_drc -file obj/post_imp_drc.rpt
INFO: [IP_Flow 19-234] Refreshing IP repositories
INFO: [IP_Flow 19-1704] No user IP repositories specified
INFO: [IP_Flow 19-2313] Loaded Vivado IP repository '/tools/Xilinx/2025.1/Vivado/data/ip'.
INFO: [DRC 23-27] Running DRC with 4 threads
INFO: [Vivado_Tcl 2-168] The results of DRC are in file /home/fpga/worker_place/temp/temp/d9120e6c13ac49d4be62ac73d2a15bac/obj/post_imp_drc.rpt.
report_drc completed successfully
# write_bitstream -force $outputDir/final.bit
Command: write_bitstream -force obj/final.bit
Attempting to get a license for feature 'Implementation' and/or device 'xc7s50'
INFO: [Common 17-349] Got license for feature 'Implementation' and/or device 'xc7s50'
Running DRC as a precondition to command write_bitstream
INFO: [IP_Flow 19-1839] IP Catalog is up to date.
INFO: [DRC 23-27] Running DRC with 4 threads
INFO: [Vivado 12-3199] DRC finished with 0 Errors
INFO: [Vivado 12-3200] Please refer to the DRC report (report_drc) for more information.
INFO: [Designutils 20-2272] Running write_bitstream with 4 threads.
Loading data files...
Loading site data...
Loading route data...
Processing options...
Creating bitmap...
Creating bitstream...
Bitstream compression saved 9966304 bits.
Writing bitstream obj/final.bit...
INFO: [Vivado 12-1842] Bitgen Completed Successfully.
INFO: [Common 17-83] Releasing license: Implementation
8 Infos, 0 Warnings, 0 Critical Warnings and 0 Errors encountered.
write_bitstream completed successfully
write_bitstream: Time (s): cpu = 00:00:09 ; elapsed = 00:00:25 . Memory (MB): peak = 3325.617 ; gain = 111.953 ; free physical = 25992 ; free virtual = 36614
INFO: [Common 17-206] Exiting Vivado at Sun Dec  7 20:24:39 2025...
